#1k0	rpm	2k0	rpm	3k0	rpm	4k0	rpm	5k0	rpm	6k0	rpm
0	3960.6	0	4019.4	0	3996.5	0	4009.1	0	4069.1	0	4052.8
75.512	3987.6	74.813	4025.1	75.571	3984.7	75.224	4002.9	73.77	4081.9	74.816	4025.6
146.773	4226.4	144.802	4303.9	143.472	4435.7	142.706	4465.1	137.562	4723.2	138.026	4767.1
210.561	4724	205.294	4982.4	200.166	5317.7	197.597	5493.7	189.028	5861.1	187.966	6041.2
267.831	5264.3	259.064	5608.6	250.747	5963.8	246.228	6204.4	234.93	6576.2	232.587	6768.1
319.977	5782.5	308.33	6123.8	297.518	6452.4	291.366	6688.1	277.957	7018.6	274.669	7176.1
368.1	6268.9	354.249	6574.2	341.501	6866.8	334.018	7080.5	319.193	7328.1	315.277	7439.2
413.02	6720.1	397.393	6998.5	383.286	7231	374.872	7394.6	359.181	7558.8	354.908	7623.7
455.285	7143.1	438.32	7380.3	423.419	7527.4	414.338	7655.3	398.126	7759.1	393.729	7783.7
495.452	7520.8	477.576	7698.4	462.217	7784.7	452.779	7859.7	436.237	7933.4	431.879	7919.6
533.923	7854.7	515.47	7975.4	499.899	8020.3	490.35	8044.7	473.693	8073.1	469.418	8049
570.973	8158.1	552.204	8228.5	536.629	8229.8	527.159	8212	510.53	8205.8	506.424	8168.3
606.819	8434.1	587.972	8452.6	572.611	8402	563.334	8357.2	546.797	8332.4	542.973	8271.1
641.709	8667.3	622.965	8641.5	607.974	8551.1	598.935	8492.7	582.557	8455.7	579.078	8373.4
675.806	8870.6	657.305	8808	642.768	8691.6	634.051	8611.7	617.917	8551.4	614.775	8469.7
709.213	9055.7	691.077	8956.7	677	8836.1	668.695	8730.2	652.941	8634.4	650.122	8554.3
742.018	9225.6	724.32	9100.6	710.827	8938.1	702.942	8832.1	687.616	8721.2	685.146	8634.4
774.341	9361.6	757.196	9202.5	744.31	9034.9	736.839	8924.1	721.936	8814.6	719.853	8713.3
806.212	9494.7	789.72	9303.1	777.474	9122.4	770.444	9001.8	755.976	8889.8	754.254	8789.7
837.668	9620.7	821.911	9400.5	810.299	9216.9	803.757	9078.2	789.778	8945.6	788.405	8857.7
868.773	9731.8	853.761	9501.8	842.837	9299.7	836.858	9137.1	823.341	9012.9	822.364	8907.1
899.601	9816.2	885.322	9589.8	875.128	9367.7	869.775	9188	856.7	9065.8	856.107	8964.8
930.203	9896.3	916.661	9660.5	907.209	9433.5	902.485	9251.2	889.854	9129.1	889.603	9032.9
960.584	9972.1	947.794	9722.5	939.066	9499.8	934.963	9317.3	922.822	9177.9	922.917	9080.2
990.745	10040	978.715	9790.3	970.772	9544.7	967.26	9368.9	955.589	9233.9	956.108	9111.8
1020.774	10090	1009.487	9838.7	1002.335	9588.8	999.403	9414.9	988.187	9279.2	989.133	9160.8
1050.648	10139	1040.118	9880.7	1033.745	9635.5	1031.41	9454.2	1020.637	9325	1021.992	9207.5
1080.365	10190	1070.616	9928.4	1065.04	9671.7	1063.277	9495.9	1053.006	9345.4	1054.74	9236
1109.989	10222	1100.98	9976.8	1096.222	9708.2	1095.035	9528.8	1085.244	9386.5	1087.36	9270.8
1139.551	10244	1131.275	9998.1	1127.314	9735.7	1126.707	9555.3	1117.369	9417.1	1119.844	9319.4
1169.073	10259	1161.515	10014	1158.309	9763.2	1158.292	9585.2	1149.417	9439.5	1152.157	9365.3
1198.537	10284	1191.72	10027	1189.204	9802.6	1189.745	9622.2	1181.381	9467.8	1184.394	9387.6
1227.922	10309	1221.851	10050	1220.024	9826.8	1221.129	9638.5	1213.24	9498.9	1216.541	9418.5
1257.273	10315	1251.978	10053	1250.794	9839.2	1252.445	9664.7	1244.942	9547.7	1248.589	9442.5
1286.627	10319	1282.074	10063	1281.469	9866	1283.655	9698.1	1276.568	9569.5	1280.535	9474.4
1315.963	10324	1312.128	10072	1312.092	9892.2	1314.76	9732.1	1308.13	9588.9	1312.403	9496.1
1345.27	10335	1342.137	10088	1342.677	9895.7	1345.803	9751.1	1339.608	9617.9	1344.223	9510.5
1374.603	10328	1372.149	10096	1373.205	9918.6	1376.799	9766	1371	9640.8	1375.966	9534
1403.943	10323	1402.161	10096	1403.675	9943.2	1407.698	9795.1	1402.356	9652.3	1407.574	9575.8
1433.301	10323	1432.108	10112	1434.069	9968.9	1438.512	9824.5	1433.647	9673.7	1439.091	9602.8
1462.653	10315	1462.031	10125	1464.416	9978.3	1469.288	9836.3	1464.86	9697.8	1470.575	9613
1492.036	10308	1491.951	10120	1494.781	9978.7	1499.999	9858.1	1496.011	9717.8	1501.982	9636.8
1521.465	10292	1521.883	10117	1525.097	9989.1	1530.682	9867	1527.116	9731.4	1533.287	9668.8
1550.908	10289	1551.836	10116	1555.393	9998.6	1561.299	9888.7	1558.21	9735.9	1564.541	9681.1
1580.353	10286	1581.739	10126	1585.671	10003	1591.904	9892.9	1589.26	9748.6	1595.753	9698.6
1609.855	10262	1611.701	10103	1615.99	9993.3	1622.502	9896	1620.231	9774.9	1626.906	9717.8
1639.417	10244	1641.692	10099	1646.258	10007	1653.059	9908.6	1651.124	9799.6	1657.982	9741.8
1669.025	10228	1671.69	10098	1676.485	10024	1683.586	9918.6	1681.986	9808.4	1689.043	9746.6
1698.666	10213	1701.654	10106	1706.721	10011	1714.115	9918.7	1712.853	9812.4	1720.079	9753.5
1728.366	10199	1731.677	10086	1736.956	10019	1744.631	9927.8	1743.666	9824.5	1751.076	9766
1758.086	10189	1761.733	10072	1767.168	10027	1775.095	9938.6	1774.465	9829.4	1782.019	9788.8
1787.849	10175	1791.768	10083	1797.356	10033	1805.499	9955.3	1805.202	9846.3	1812.932	9797.6
1817.64	10167	1821.81	10077	1827.55	10032	1835.901	9961.6	1835.882	9867.6	1843.829	9802.3
1847.469	10157	1851.881	10067	1857.741	10026	1866.287	9966.1	1866.502	9887.6	1874.677	9813.4
1877.338	10135	1881.977	10064	1887.927	10035	1896.665	9965.2	1897.104	9893.7	1905.477	9828.8
1907.21	10135	1912.059	10068	1918.078	10049	1927.008	9981.5	1927.708	9892.8	1936.26	9834.3
1937.083	10138	1942.148	10070	1948.238	10042	1957.35	9975.3	1958.301	9901	1967.05	9838.2
1967.003	10121	1972.235	10065	1978.411	10037	1987.719	9965.9	1988.857	9908.4	1997.801	9841.4
1997.017	10096	2002.354	10059	2008.57	10043	2018.069	9983.9	2019.416	9908.6	2028.525	9854
2027.028	10091	2032.469	10059	2038.703	10050	2048.37	9996.6	2049.947	9923.6	2059.261	9851.6
2057.067	10081	2062.574	10065	2068.885	10039	2078.684	9989.1	2080.43	9933.7	2089.97	9858.9
2087.155	10065	2092.691	10055	2099.044	10043	2109.065	9971.3	2110.884	9943	2120.64	9877
2117.275	10059	2122.831	10048	2129.187	10048	2139.429	9977.9	2141.348	9938.4	2151.278	9886.3
2147.388	10058	2152.979	10048	2159.314	10054	2169.739	9992.9	2171.82	9941.3	2181.931	9881.8
2177.507	10055	2183.114	10055	2189.455	10048	2200.051	9992.9	2202.256	9948.7	2212.584	9882.4
2207.672	10043	2213.26	10045	2219.612	10042	2230.367	9988.2	2232.631	9968.9	2243.184	9890.4
2237.86	10026	2243.455	10034	2249.778	10044	2260.727	9973.9	2262.989	9970.4	2273.713	9918
2268.053	10029	2273.63	10037	2279.904	10053	2291.056	9984.1	2293.35	9973.1	2304.252	9917.7
2298.246	10026	2303.797	10043	2310.066	10036	2321.403	9977.3	2323.696	9979	2334.79	9910.3
2328.479	10019	2333.969	10038	2340.247	10039	2351.75	9979	2354.021	9988.1	2365.308	9927
2358.733	10006	2364.162	10029	2370.414	10044	2382.065	9985.8	2384.371	9982.8	2395.77	9942
2388.997	10008	2394.359	10034	2400.546	10050	2412.345	10002	2414.718	9977.6	2426.221	9940.1
2419.27	10009	2424.539	10039	2430.706	10042	2442.664	9992.7	2445.05	9984.1	2456.67	9940.8
2449.555	9996.4	2454.731	10029	2460.863	10043	2472.964	9990.8	2475.351	9994.2	2487.09	9950.8
2479.856	9994.2	2484.934	10027	2490.983	10059	2503.261	9997.7	2505.651	9996.6	2517.484	9968.9
2510.189	9988	2515.14	10027	2521.088	10065	2533.499	10011	2535.985	9987.2	2547.839	9977.5
2540.522	9991.4	2545.337	10034	2551.189	10063	2563.798	9994.2	2566.285	9994.2	2578.2	9973.9
2570.851	9984	2575.549	10028	2581.308	10055	2594.107	9994.1	2596.548	10008	2608.58	9972.6
2601.247	9967.2	2605.79	10019	2611.41	10060	2624.392	9996.4	2626.835	10000	2638.927	9979
2631.603	9976.7	2635.998	10021	2641.507	10064	2654.665	10009	2657.1	10007	2669.282	9977.1
2661.922	9993.5	2666.19	10029	2671.608	10063	2684.946	10003	2687.348	10013	2699.626	9975.4
2692.246	9986.6	2696.394	10021	2701.738	10047	2715.262	9987.8	2717.59	10019	2729.974	9984.1
2722.574	9986.6	2726.618	10015	2731.872	10056	2745.555	9999.3	2747.845	10005	2760.269	9997
2752.875	9994.1	2756.822	10021	2761.976	10065	2775.82	10008	2778.149	9998.5	2790.521	9997
2783.157	10002	2787.013	10029	2792.102	10054	2806.109	10004	2808.43	10003	2820.865	9979
2813.468	9991.8	2817.216	10028	2822.245	10047	2836.421	9989	2838.669	10014	2851.15	10002
2843.783	9991.7	2847.439	10019	2852.394	10050	2866.764	9979	2868.931	10008	2881.423	10005
2874.065	10002	2877.644	10024	2882.511	10055	2897.097	9989.1	2899.199	10001	2911.678	10006
2904.333	10001	2907.836	10029	2912.641	10047	2927.431	9988.7	2929.456	10013	2941.945	10007
2934.614	10002	2938.042	10024	2942.786	10048	2957.758	9984.1	2959.681	10019	2972.204	10013
2964.918	9998.5	2968.266	10019	2972.935	10050	2988.101	9981.3	2989.908	10023	3002.414	10024
2995.197	10004	2998.501	10019	3003.064	10047	3018.414	9985.6	3020.196	10000	3032.67	10014
3025.454	10012	3028.68	10035	3033.229	10044	3048.755	9981.5	3050.432	10018	3062.929	10014
3055.742	10000	3058.885	10021	3063.41	10039	3079.095	9975.8	3080.641	10024	3093.171	10016
3086.008	10007	3089.106	10022	3093.587	10037	3109.424	9980.6	3110.865	10016	3123.39	10022
3116.262	10006	3119.317	10028	3123.769	10036	3139.72	9997.1	3141.106	10014	3153.61	10016
3146.51	10013	3149.511	10029	3153.941	10039	3170.038	9992.1	3171.329	10019	3183.845	10018
3176.782	10009	3179.701	10032	3184.133	10026	3200.378	9976	3201.527	10033	3214.063	10022
3207.045	10009	3209.927	10022	3214.32	10033	3230.728	9983.3	3231.74	10028	3244.257	10029
3237.309	10009	3240.148	10022	3244.484	10036	3261.028	9996.6	3261.983	10018	3274.462	10024
3267.537	10023	3270.341	10029	3274.672	10034	3291.342	9989.1	3292.224	10019	3304.725	10009
3297.776	10011	3300.544	10027	3304.863	10032	3321.687	9979	3322.417	10026	3334.95	10016
3328.016	10014	3330.764	10022	3335.05	10033	3351.997	9993.6	3352.65	10018	3365.142	10026
3358.257	10016	3360.987	10022	3365.23	10039	3382.279	10002	3382.923	10009	3395.369	10023
3388.447	10026	3391.199	10028	3395.425	10035	3412.598	9995.5	3413.148	10019	3425.61	10019
3418.642	10029	3421.406	10027	3425.619	10029	3442.931	9986.7	3443.356	10024	3455.822	10028
3448.853	10029	3451.615	10027	3455.798	10035	3473.224	9997.5	3473.58	10019	3486.048	10023
3479.032	10035	3481.808	10029	3485.98	10038	3503.472	10013	3503.808	10022	3516.28	10019
3509.197	10043	3511.986	10035	3516.162	10034	3533.76	10004	3534.032	10019	3546.527	10013
3539.361	10038	3542.191	10024	3546.365	10028	3563.995	10004	3564.214	10038	3576.745	10022
3569.557	10035	3572.424	10018	3576.552	10034	3594.298	9998	3594.422	10024	3606.94	10029
3599.716	10037	3602.631	10024	3606.716	10036	3624.52	10016	3624.695	10009	3637.142	10029
3629.867	10048	3632.824	10029	3636.903	10034	3654.755	10011	3654.952	10014	3667.38	10011
3660.013	10041	3663.041	10022	3667.116	10028	3685.02	10007	3685.169	10022	3697.638	10013
3690.177	10040	3693.259	10022	3697.328	10029	3715.273	10006	3715.402	10018	3727.856	10022
3720.338	10037	3723.466	10024	3727.515	10033	3745.506	10018	3745.65	10012	3758.114	10014
3750.468	10046	3753.655	10026	3757.704	10034	3775.743	10016	3775.901	10006	3788.362	10013
3780.611	10047	3783.843	10032	3787.914	10029	3806.014	10001	3806.124	10016	3818.583	10022
3810.773	10039	3814.051	10024	3818.117	10028	3836.298	9996.4	3836.361	10017	3848.791	10021
3840.932	10042	3844.26	10024	3848.309	10026	3866.536	10011	3866.601	10014	3879.013	10022
3871.073	10048	3874.438	10035	3878.497	10032	3896.839	9999.3	3896.824	10019	3909.246	10018
3901.236	10039	3904.632	10029	3908.722	10024	3927.153	9989.1	3927.017	10029	3939.483	10019
3931.415	10034	3934.835	10027	3938.945	10016	3957.477	9987.1	3957.256	10014	3969.694	10029
3961.579	10038	3965.048	10028	3969.135	10026	3987.771	9995.6	3987.514	10012	3999.937	10018
3991.744	10044	3995.245	10034	3999.333	10028	4018.056	9996.2	4017.757	10019	4030.173	10017
4021.919	10032	4025.437	10029	4029.538	10021	4048.34	10003	4047.967	10028	4060.382	10024
4052.114	10029	4055.65	10029	4059.745	10024	4078.613	10008	4078.207	10013	4090.585	10029
4082.286	10038	4085.829	10035	4089.934	10032	4108.85	10014	4108.507	9994.2	4120.791	10024
4112.481	10035	4116.001	10038	4120.129	10029	4139.122	10008	4138.786	10003	4151.042	10012
4142.684	10027	4146.193	10026	4150.332	10029	4169.391	10007	4169.059	10005	4181.278	10018
4172.906	10016	4176.391	10028	4180.527	10029	4199.631	10014	4199.325	10007	4211.471	10029
4203.147	10019	4206.586	10033	4210.691	10036	4229.872	10016	4229.613	10004	4241.698	10022
4233.338	10029	4236.766	10039	4240.897	10021	4260.146	10008	4259.877	10007	4271.937	10014
4263.541	10027	4266.953	10033	4271.107	10024	4290.425	10003	4290.134	10014	4302.175	10011
4293.776	10011	4297.163	10029	4301.327	10022	4320.692	10007	4320.402	10001	4332.38	10021
4324.032	10014	4327.342	10031	4331.518	10026	4350.928	10017	4350.697	9997.4	4362.621	10019
4354.258	10023	4357.509	10043	4361.724	10027	4381.201	10009	4380.969	10009	4392.861	10014
4384.51	10011	4387.686	10035	4391.931	10024	4411.485	9996	4411.22	10011	4423.098	10018
4414.782	10009	4417.898	10029	4422.111	10024	4441.763	10004	4441.502	10001	4453.305	10021
4445.017	10017	4448.085	10033	4452.346	10017	4471.995	10018	4471.799	9996.6	4483.546	10019
4475.25	10018	4478.246	10042	4482.54	10029	4502.269	10008	4502.05	10011	4513.764	10022
4505.506	10009	4508.417	10038	4512.745	10021	4532.536	10001	4532.259	10011	4543.983	10023
4535.784	10004	4538.608	10032	4542.953	10024	4562.801	10009	4562.559	9994.2	4574.175	10032
4566.037	10006	4568.782	10037	4573.142	10032	4593.028	10023	4592.822	10009	4604.383	10024
4596.273	10017	4598.949	10044	4603.354	10029	4623.267	10011	4623.069	10012	4634.608	10019
4626.545	10009	4629.113	10039	4633.559	10021	4653.54	10009	4653.312	10018	4664.834	10024
4656.824	10005	4659.321	10024	4663.768	10021	4683.775	10018	4683.576	10008	4695.061	10024
4687.062	10011	4689.5	10034	4693.965	10035	4713.984	10024	4713.83	10005	4725.267	10027
4717.285	10019	4719.697	10035	4724.158	10029	4744.231	10013	4744.087	10014	4755.473	10024
4747.519	10018	4749.848	10035	4754.361	10029	4774.518	10004	4774.313	10024	4785.701	10024
4777.767	10012	4780.087	10014	4784.565	10029	4804.806	10000	4804.555	10018	4815.881	10035
4808	10018	4810.282	10034	4814.738	10038	4835.031	10016	4834.811	10005	4846.072	10026
4838.226	10023	4840.443	10040	4844.936	10028	4865.287	10014	4865.083	10005	4876.274	10028
4868.482	10013	4870.625	10033	4875.147	10029	4895.565	10003	4895.289	10024	4906.467	10033
4898.738	10009	4900.816	10026	4905.338	10032	4925.808	10013	4925.547	10013	4936.646	10037
4928.962	10019	4930.991	10031	4935.525	10034	4956.062	10006	4955.836	10004	4966.834	10033
4959.165	10021	4961.152	10037	4965.715	10026	4986.345	9996.3	4986.098	10008	4997.062	10023
4989.422	10013	4991.331	10035	4995.932	10023	5016.613	10006	5016.332	10018	5027.284	10016
5019.66	10017	5021.542	10029	5026.124	10029	5046.885	10009	5046.586	10006	5057.486	10027
5049.871	10028	5051.716	10031	5056.287	10040	5077.123	10014	5076.873	10000	5087.712	10023
5080.068	10034	5081.911	10035	5086.491	10027	5107.422	9996.7	5107.11	10017	5117.946	10017
5110.272	10021	5112.105	10029	5116.697	10027	5137.721	9994.2	5137.337	10023	5148.149	10027
5140.489	10023	5142.293	10033	5146.885	10033	5168.019	9997.4	5167.571	10017	5178.34	10032
5170.697	10024	5172.481	10033	5177.081	10031	5198.293	10009	5197.829	10012	5208.552	10028
5200.89	10026	5202.644	10036	5207.268	10034	5228.597	9999.3	5228.068	10014	5238.793	10019
5231.097	10021	5232.833	10036	5237.474	10027	5258.895	9996.6	5258.301	10019	5269.004	10028
5261.332	10018	5263.007	10032	5267.669	10026	5289.197	9996.1	5288.557	10009	5299.2	10035
5291.542	10024	5293.194	10033	5297.841	10038	5319.46	10008	5318.822	10008	5329.39	10032
5321.731	10032	5323.341	10045	5328.036	10035	5349.756	9991.2	5349.074	10011	5359.608	10022
5351.948	10023	5353.517	10031	5358.243	10024	5380.071	9989.1	5379.316	10019	5389.815	10024
5382.169	10016	5383.713	10034	5388.43	10032	5410.383	9991.8	5409.565	10012	5420.01	10026
5412.373	10021	5413.891	10031	5418.611	10039	5440.664	10002	5439.833	10001	5450.237	10023
5442.564	10029	5444.038	10041	5448.824	10028	5470.976	9985.8	5470.096	10009	5480.478	10014
5472.769	10027	5474.218	10039	5479.031	10028	5501.303	9980.9	5500.321	10019	5510.696	10022
5502.995	10024	5504.392	10032	5509.229	10036	5531.62	9994.2	5530.56	10014	5540.888	10026
5533.203	10024	5534.571	10034	5539.394	10045	5561.924	9999.3	5560.842	10002	5571.099	10029
5563.399	10034	5564.732	10040	5569.573	10035	5592.223	9994.2	5591.126	9995.7	5601.339	10014
5593.592	10029	5594.919	10033	5599.765	10032	5622.539	9987.6	5621.365	10014	5631.58	10016
5623.757	10029	5625.13	10029	5629.944	10035	5652.864	9987.8	5651.63	10007	5661.791	10029
5653.981	10019	5655.318	10033	5660.106	10040	5683.167	9995.6	5681.919	10004	5691.997	10027
5684.144	10039	5685.482	10038	5690.318	10029	5713.466	9994.2	5712.174	10005	5722.216	10022
5714.331	10032	5715.674	10029	5720.542	10016	5743.738	9994.2	5742.437	10010	5752.425	10021
5744.526	10029	5745.868	10026	5750.748	10027	5774.065	9984.1	5772.695	10013	5782.615	10032
5774.687	10040	5776.06	10026	5780.922	10038	5804.343	10004	5802.963	10001	5812.823	10024
5804.86	10032	5806.235	10031	5811.133	10029	5834.622	10003	5833.217	10006	5843.047	10016
5835.049	10033	5836.424	10026	5841.343	10024	5864.925	9999.3	5863.459	10019	5873.265	10023
5865.238	10033	5866.633	10024	5871.552	10024	5895.189	10009	5893.707	10012	5903.456	10032
5895.41	10038	5896.826	10029	5901.745	10029	5925.439	10012	5923.98	10008	5933.66	10027
5925.567	10042	5926.999	10038	5931.958	10028	5955.722	9996.3	5954.219	10014	5963.878	10022
5955.738	10038	5957.191	10029	5962.186	10023	5986.02	9990.7	5984.442	10019	5994.085	10024
5985.934	10034	5987.404	10021	5992.399	10028	6016.284	10008	6014.677	10017	6024.296	10029
6016.107	10038	6017.627	10016	6022.587	10033	6046.557	10009	6044.917	10014	6054.522	10023
6046.269	10040	6047.82	10029	6052.79	10027	6076.86	9998.5	6075.154	10011	6084.762	10010
6076.457	10033	6078.03	10023	6083.031	10019	6107.159	9994.2	6105.362	10024	6114.971	10024
6106.649	10026	6108.273	10018	6113.239	10024	6137.44	10001	6135.603	10019	6145.174	10027
6136.827	10035	6138.513	10014	6143.441	10028	6167.726	9995.6	6165.837	10018	6175.383	10024
6166.986	10042	6168.74	10022	6173.659	10023	6198.022	9997.7	6196.055	10022	6205.619	10017
6197.165	10035	6198.997	10013	6203.902	10019	6228.316	9999.3	6226.266	10029	6235.828	10024
6227.376	10029	6229.278	10002	6234.121	10022	6258.597	10002	6256.524	10013	6266.023	10029
6257.581	10028	6259.531	10006	6264.308	10034	6288.877	10004	6286.78	10014	6296.19	10029
6287.747	10043	6289.764	10018	6294.497	10034	6319.158	10002	6317.027	10013	6326.463	10008
6317.928	10038	6320.004	10014	6324.686	10033	6349.46	9997.7	6347.234	10021	6356.666	10021
6348.114	10033	6350.251	10013	6354.881	10035	6379.731	10001	6377.484	10011	6386.875	10024
6378.291	10032	6380.483	10018	6385.093	10028	6409.994	10009	6407.74	10013	6417.092	10024
6408.457	10043	6410.69	10024	6415.316	10016	6440.213	10009	6437.973	10018	6447.312	10021
6438.619	10040	6440.926	10011	6445.563	10014	6470.529	9987.2	6468.198	10016	6477.536	10022
6468.805	10033	6471.18	10006	6475.783	10022	6500.829	9990.6	6498.418	10022	6507.729	10026
6498.985	10038	6501.437	10013	6505.992	10021	6531.118	10001	6528.636	10023	6537.937	10024
6529.134	10044	6531.659	10016	6536.218	10024	6561.397	10003	6558.86	10019	6568.172	10017
6559.295	10040	6561.895	10018	6566.466	10012	6591.696	9994.2	6589.064	10027	6598.38	10024
6589.489	10029	6592.152	10014	6596.672	10027	6621.963	10006	6619.32	10013	6628.575	10029
6619.661	10038	6622.37	10022	6626.869	10034	6652.229	10008	6649.6	10003	6658.778	10029
6649.839	10037	6652.582	10028	6657.079	10029	6682.496	10008	6679.864	10009	6688.987	10024
6680.02	10039	6682.789	10027	6687.287	10021	6712.778	10001	6710.091	10023	6719.205	10023
6710.231	10028	6713.014	10019	6717.485	10027	6743.057	10004	6740.334	10013	6749.385	10035
6740.426	10029	6743.256	10019	6747.667	10039	6773.306	10013	6770.637	9999.3	6779.596	10029
6770.587	10040	6773.447	10026	6777.879	10029	6803.579	10009	6800.885	10012	6809.82	10019
6800.782	10029	6803.642	10026	6808.104	10019	6833.882	9999.3	6831.123	10010	6840.033	10027
6830.994	10029	6833.836	10029	6838.34	10018	6864.162	10003	6861.411	10004	6870.225	10026
6861.187	10026	6864.023	10033	6868.55	10029	6894.425	10008	6891.692	10004	6900.43	10027
6891.367	10035	6894.185	10040	6898.768	10022	6924.708	10001	6921.957	10007	6930.656	10024
6921.558	10026	6924.377	10029	6929.034	10007	6955.004	9997.2	6952.205	10015	6960.874	10023
6951.776	10023	6954.58	10027	6959.298	10009	6985.269	10008	6982.443	10010	6991.069	10035
6981.979	10027	6984.787	10024	6989.539	10016	7015.526	10013	7012.708	10008	7021.263	10029
7012.166	10032	7014.978	10032	7019.782	10014	7045.83	9999.2	7042.962	10006	7051.468	10027
7042.373	10021	7045.188	10024	7050.033	10012	7076.124	9997.5	7073.22	10013	7081.678	10029
7072.616	10019	7075.428	10014	7080.275	10019	7106.412	10000	7103.494	10007	7111.868	10026
7102.81	10028	7105.656	10022	7110.486	10029	7136.662	10012	7133.797	9999.3	7142.062	10032
7133.002	10026	7135.845	10026	7140.728	10018	7166.94	10002	7164.062	10007	7172.28	10023
7163.2	10028	7166.038	10029	7170.966	10011	7197.237	9994.2	7194.319	10014	7202.487	10021
7193.424	10019	7196.241	10021	7201.184	10023	7227.506	10006	7224.607	10004	7232.676	10032
7223.629	10024	7226.463	10016	7231.374	10033	7257.753	10014	7254.904	9996.8	7262.87	10029
7253.842	10027	7256.654	10029	7261.598	10016	7288.027	10008	7285.187	10002	7293.075	10024
7284.068	10023	7286.856	10021	7291.865	10007	7318.347	9992.5	7315.456	10006	7323.301	10024
7314.292	10019	7317.096	10014	7322.153	10000	7348.631	9996.3	7345.722	10008	7353.512	10029
7344.499	10021	7347.309	10014	7352.388	10018	7378.92	10004	7376.011	10004	7383.701	10026
7374.691	10029	7377.591	10001	7382.652	10008	7409.223	9999.3	7406.263	10006	7413.913	10028
7404.919	10023	7407.88	10001	7412.931	10003	7439.532	9992.3	7436.487	10019	7444.115	10028
7435.16	10019	7438.161	10001	7443.202	10006	7469.842	9985.9	7466.722	10018	7474.311	10035
7465.37	10024	7468.44	10004	7473.451	10013	7500.138	9997.8	7496.963	10014	7504.505	10029
7495.562	10029	7498.688	10013	7503.705	10006	7530.42	10002	7527.215	10006	7534.708	10029
7525.767	10027	7528.991	9998.6	7533.994	10004	7560.735	9989.1	7557.423	10024	7564.919	10029
7555.992	10019	7559.269	10004	7564.262	10008	7591.053	9993.7	7587.688	10008	7595.107	10034
7586.2	10024	7589.51	10013	7594.502	10014	7621.336	10001	7617.941	10006	7625.316	10024
7616.41	10024	7619.745	10017	7624.772	10004	7651.629	9998.3	7648.205	10008	7655.554	10011
7646.574	10024	7649.97	10016	7655.004	10004	7681.938	9992.4	7678.444	10010	7685.796	10016
7676.863	10003	7680.206	10018	7685.302	9994.2	7712.232	9999.3	7708.696	10006	7716	10027
7707.087	10016	7710.413	10024	7715.525	10016	7742.485	10012	7738.964	10007	7746.227	10023
7737.33	10016	7740.606	10029	7745.783	10013	7772.788	9999.3	7769.216	10006	7776.448	10022
7767.564	10018	7770.798	10026	7776.055	10009	7803.091	9998.7	7799.471	10006	7806.655	10024
7797.822	10014	7801.002	10027	7806.291	10018	7833.373	9996	7829.751	10003	7836.865	10029
7828.065	10019	7831.196	10029	7836.5	10024	7863.624	10011	7860.033	10001	7867.067	10028
7858.302	10011	7861.369	10037	7866.758	10013	7893.903	10003	7890.336	9999.3	7897.273	10024
7888.553	10006	7891.562	10029	7897.011	10011	7924.202	9996.5	7920.609	10009	7927.491	10024
7918.816	10009	7921.75	10033	7927.251	10014	7954.473	10000	7950.894	9996.4	7957.67	10035
7949.055	10014	7951.945	10035	7957.458	10024	7984.74	10007	7981.189	9998.9	7987.875	10021
7979.296	10019	7982.108	10036	7987.692	10018	8015.02	10003	8011.471	10002	8018.117	10019
8009.584	10000	8012.288	10039	8017.949	10014	8045.303	9995.7	8041.749	10003	8048.328	10029
8039.853	10006	8042.48	10029	8048.19	10016	8075.573	10001	8072.052	9998.7	8078.533	10021
8070.126	10006	8072.642	10040	8078.396	10027	8105.838	10007	8102.351	9994.2	8108.741	10024
8100.373	10013	8102.805	10036	8108.622	10024	8136.127	10004	8132.633	10003	8138.965	10016
8130.661	10004	8133.002	10035	8138.865	10018	8166.362	10004	8162.885	10011	8169.171	10024
8160.949	10001	8163.193	10026	8169.091	10023	8196.673	9991.8	8193.174	10004	8199.364	10026
8191.214	10008	8193.381	10033	8199.284	10029	8226.911	10014	8223.454	10003	8229.569	10027
8221.471	10013	8223.555	10037	8229.487	10029	8257.2	10004	8253.721	10006	8259.778	10021
8251.736	10007	8253.766	10028	8259.714	10023	8287.435	10004	8283.94	10022	8289.986	10024
8282.017	10002	8283.989	10019	8289.92	10027	8317.752	9993.5	8314.191	10011	8320.173	10033
8312.284	10007	8314.215	10023	8320.113	10029	8347.99	10014	8344.469	10004	8350.384	10029
8342.542	10013	8344.422	10021	8350.316	10029	8378.279	10004	8374.708	10014	8380.588	10027
8372.825	10001	8374.664	10019	8380.543	10023	8408.561	10004	8404.949	10019	8410.791	10028
8403.107	10001	8404.898	10011	8410.761	10023	8438.832	10005	8435.183	10019	8440.988	10035
8433.376	10001	8435.163	10007	8440.955	10032	8469.071	10014	8465.38	10019	8471.194	10021
8463.613	10011	8465.398	10017	8471.163	10024	8499.343	10008	8495.652	10009	8501.429	10017
8493.876	10009	8495.662	10007	8501.398	10017	8529.622	10004	8525.845	10029	8531.647	10022
8524.126	10012	8525.942	10003	8531.641	10019	8559.87	10012	8556.053	10024	8561.854	10024
8554.384	10014	8556.199	10013	8561.851	10028	8590.106	10017	8586.29	10017	8592.071	10023
8584.609	10016	8586.451	10006	8592.138	10004	8620.356	10012	8616.524	10018	8622.296	10019
8614.863	10005	8616.754	9999.3	8622.422	9995.8	8650.619	10008	8646.736	10027	8652.494	10028
8645.143	10004	8647.002	9999.3	8652.688	10008	8680.876	10012	8676.96	10019	8682.685	10026
8675.4	10013	8677.303	9993.9	8682.938	10012	8711.132	10014	8707.196	10017	8712.894	10024
8705.639	10016	8707.583	10003	8713.233	9997.3	8741.415	10002	8737.421	10019	8743.113	10022
8735.895	10014	8737.882	9994.2	8743.542	9992.5	8771.702	10000	8767.632	10028	8773.308	10029
8766.159	10007	8768.2	9994.1	8773.822	10002	8801.953	10011	8797.864	10019	8803.505	10035
8796.406	10013	8798.504	9995.8	8804.078	10006	8832.189	10017	8828.122	10013	8833.712	10024
8826.639	10018	8828.777	10009	8834.366	10004	8862.429	10014	8858.358	10017	8863.976	10008
8856.904	10007	8859.057	10003	8864.599	10004	8892.694	10007	8888.552	10028	8894.233	10014
8887.154	10012	8889.355	9996.5	8894.911	9985.5	8922.951	10013	8918.757	10024	8924.439	10024
8917.402	10013	8919.637	10001	8925.184	10009	8953.194	10019	8948.99	10018	8954.676	10011
8947.629	10022	8949.917	10004	8955.432	10013	8983.448	10006	8979.199	10024	8984.943	10007
8977.887	10013	8980.152	10004	8985.705	10009	9013.721	10009	9009.392	10029	9015.2	10014
9008.175	10000	9010.479	9980.5	9015.945	10011	9043.96	10014	9039.597	10021	9045.418	10022
9038.411	10017	9040.76	10002	9046.17	10015	9074.192	10018	9069.848	10011	9075.691	10009
9068.646	10018	9071.017	10013	9076.412	10019	9104.449	10013	9100.087	10011	9105.971	10002
9098.918	10009	9101.272	10009	9106.646	10018	9134.737	10004	9130.294	10024	9136.237	10008
9129.185	10007	9131.539	10006	9136.888	10019	9164.993	10005	9160.519	10019	9166.486	10013
9159.454	10006	9161.777	10011	9167.095	10021	9195.242	10013	9190.736	10022	9196.749	10009
9189.693	10011	9192.002	10019	9197.337	10019	9225.494	10013	9220.971	10017	9227.038	10000
9219.96	10006	9222.253	10012	9227.574	10018	9255.745	10011	9251.164	10029	9257.295	10014
9250.228	10007	9252.552	9990.7	9257.781	10024	9286.011	10008	9281.366	10028	9287.497	10014
9280.516	10000	9282.833	10003	9287.994	10028	9316.237	10022	9311.601	10017	9317.815	9993.3
9310.773	10014	9313.106	10008	9318.2	10027	9346.502	10008	9341.828	10023	9348.089	10009
9341.053	10003	9343.389	10001	9348.361	10027	9376.755	10005	9372.053	10019	9378.329	10014
9371.356	9999	9373.672	10002	9378.601	10014	9407.014	10009	9402.287	10019	9408.567	10017
9401.635	10004	9403.939	10006	9408.78	10035	9437.239	10019	9432.565	10003	9438.806	10011
9431.908	10009	9434.18	10019	9439.007	10023	9467.511	10009	9462.847	10003	9469.08	10009
9462.186	10004	9464.42	10014	9469.216	10021	9497.8	9999.3	9493.081	10018	9499.313	10018
9492.421	10004	9494.618	10014	9499.409	10029	9528.065	10008	9523.329	10013	9529.522	10024
9522.723	9993.9	9524.907	10003	9529.572	10040	9558.3	10011	9553.601	10008	9559.758	10011
9552.962	10014	9555.114	10024	9559.766	10029	9588.565	10007	9583.858	10014	9590.007	10012
9583.228	10007	9585.349	10017	9589.954	10032	9618.853	10004	9614.093	10018	9620.232	10016
9613.507	10003	9615.605	10014	9620.142	10034	9649.126	10008	9644.365	10009	9650.445	10028
9643.8	9998	9645.893	10004	9650.303	10040	9679.366	10014	9674.632	10007	9680.67	10023
9674.039	10014	9676.131	10014	9680.497	10029	9709.654	10004	9704.886	10006	9710.91	10014
9704.322	10001	9706.387	10009	9710.684	10034	9739.919	10007	9735.121	10017	9741.117	10021
9734.641	9992.8	9736.668	10003	9740.859	10032	9770.191	10009	9765.359	10011	9771.328	10029
9764.925	10001	9766.946	10004	9771.023	10039	9800.425	10018	9795.648	10004	9801.554	10023
9795.204	10004	9797.202	10005	9801.241	10023	9830.683	10013	9825.896	10013	9831.811	10014
9825.488	10003	9827.48	10004	9831.449	10021	9860.949	10007	9856.133	10011	9862.005	10029
9855.77	9996	9857.762	10002	9861.641	10029	9891.201	10011	9886.398	10007	9892.202	10035
9886.054	10002	9888.044	9996.3	9891.805	10039	9921.436	10017	9916.671	10009	9922.396	10029
9916.316	10009	9918.31	10008	9922.002	10034	9951.686	10012	9946.909	10014	9952.6	10027
9946.582	10008	9948.599	10004	9952.223	10016	9981.952	10007	9977.143	10018	9982.795	10029
9976.86	10000	9978.916	9993.4	9982.42	10034						
