#1k5	rpm	#t2k5	rpm	#t3k0	rpm	t3k33	rpm	t3k5	rpm	t3k66	rpm	t4k0	rpm	t4k33	rpm	t4k5	rpm	t4k66	rpm	t5k0	rpm	t5k33	rpm	t5k5	rpm	t5k66	rpm	t6k0	rpm	t6k5	rpm
0	4036.4	0	4042	0	4074.6	0	4015.3	0	4070.9	0	4049.2	0	4093.3	0	4101.1	0	4070.7	0	4016.9	0	4027.5	0	4017.7	0	4109.7	0	4091.6	0	4038.2	0	4096.2
74.528	4040.5	74.507	4040.8	73.779	4081.8	74.677	4031.6	73.811	4079.9	74.524	4040	73.518	4095.5	73.359	4104.1	73.894	4074.8	74.869	4020.5	74.659	4032.5	75.015	4014.2	73.365	4103.8	73.596	4091.7	74.277	4052.8	73.368	4103.5
149.175	4033.1	147.945	4099.8	147.188	4101.5	148.955	4052.8	147.108	4108	148.257	4084.3	146.428	4130.5	145.745	4159	146.678	4136.9	148.624	4082.4	148.279	4090	148.97	4071.4	145.474	4174.9	146.292	4142.6	147.08	4136.4	145.421	4178.9
223.239	4065.1	218.864	4245.1	218.538	4220.2	221.072	4176	218.214	4234.8	219.455	4229.3	216.207	4315.6	215.199	4336.1	216.471	4314.1	219.2	4267.6	218.242	4304.3	219.273	4284.3	214.095	4388.8	214.987	4383.3	215.505	4401.2	213.079	4451.4
295.718	4154.2	286.92	4425.1	286.793	4412.4	289.269	4417.1	285.689	4463.5	287.069	4454.4	281.914	4584.2	280.588	4606.6	281.921	4602.3	284.906	4584.1	283.193	4638.8	284.126	4644.8	277.345	4762.8	278.516	4741.8	278.282	4798.1	275.221	4848.1
365.92	4288.7	352.084	4623.6	351.383	4664.1	353.495	4689.4	348.94	4762.8	350.637	4739.3	343.584	4885.6	341.693	4931.1	342.536	4970.2	345.429	4978.5	343.168	5024.3	343.569	5069.6	335.776	5156.5	336.725	5178.8	335.713	5248	331.478	5359.6
433.891	4430.7	414.011	4864.8	412.332	4943.6	414.035	4977.4	408.397	5068.3	409.91	5084.1	401.424	5210.7	398.802	5277.8	398.709	5366.4	401.546	5371.5	398.597	5437.2	398.205	5516.6	389.633	5596.8	390.403	5616.8	388.491	5713.1	382.851	5870
499.734	4574.6	472.548	5147.8	470.138	5213.5	470.912	5299.1	464.241	5397.9	465.4	5432.3	455.82	5543.5	452.175	5649.1	451.121	5753.2	453.879	5761.6	449.965	5871.1	448.678	5975.1	439.632	6030.7	440.264	6049.4	437.335	6175.8	430.41	6341.7
563.195	4746	528.264	5409.8	524.961	5500.1	524.559	5620.1	516.809	5737.4	517.642	5771.5	506.909	5904.6	502.283	6019	500.332	6131.3	502.873	6156.5	498.01	6277.1	495.766	6407.2	486.4	6451.3	486.854	6478.4	482.931	6619	474.601	6829.8
624.212	4939.2	581.397	5674.1	576.87	5808.9	575.386	5933.4	566.671	6048.6	567.063	6103	555.139	6254.3	549.708	6360.8	546.875	6484.5	548.988	6543.4	543.286	6665.4	540.17	6796.8	530.377	6863.2	530.652	6894.1	525.77	7049.3	515.988	7295.7
683.301	5099	632.241	5930.8	626.336	6097.4	623.776	6233.3	614.039	6370.8	614.071	6416.2	600.994	6580.1	594.723	6703.3	590.985	6840.2	592.737	6898.8	586.179	7037.5	582.161	7189.2	571.978	7257.5	571.993	7303.2	566.268	7456.2	555.269	7688.7
740.336	5285.8	681.128	6169.3	673.794	6358.6	669.995	6527.9	659.241	6675.2	658.943	6724.7	644.849	6882	637.614	7037.5	633.022	7179.8	634.338	7257.6	627.095	7382.5	622.101	7563.9	611.607	7618.9	611.397	7664.8	604.818	7835.5	592.81	8047.9
795.473	5466.1	728.309	6393.8	719.315	6628.7	714.289	6813.2	702.516	6974.3	702.018	7007.4	686.861	7186.2	678.532	7376.2	673.404	7478.1	674.183	7579.3	666.205	7722.4	660.421	7883.5	649.533	7965.2	649.152	8001.8	641.846	8159.5	628.92	8368.4
848.982	5634.5	773.99	6605	763.154	6884.8	756.938	7077.9	744.191	7243.9	743.56	7267.2	727.284	7470.4	717.859	7679.7	712.362	7753	712.499	7881.6	703.913	8011.9	697.388	8176.9	686.105	8258.4	685.535	8304.9	677.544	8465.2	663.81	8662.8
900.993	5798.1	818.242	6819.7	805.641	7107.8	798.123	7330.7	784.59	7474.3	783.71	7521.4	766.367	7727.4	755.849	7953.5	750.052	8015.2	749.584	8147.4	740.401	8280.7	733.172	8445.3	721.53	8531.6	720.824	8566.7	712.175	8728	697.744	8912.1
951.648	5952.3	861.177	7031.4	846.863	7327.2	838.072	7558.7	823.794	7703.6	822.605	7765.3	804.286	7964.3	792.707	8197.1	786.602	8266.9	785.65	8382.8	775.866	8522.2	767.959	8693.7	756.034	8758.9	755.145	8808.3	745.946	8949.7	730.848	9134.7
1001.049	6103.8	902.94	7227	886.909	7541.2	876.876	7781.7	861.944	7918.2	860.403	7992.3	841.154	8195	828.613	8416.4	822.223	8483.9	820.826	8592.6	810.485	8731.7	801.903	8906.5	789.715	8977.1	788.674	9018.1	778.954	9161.1	763.231	9339.4
1049.312	6250.2	943.61	7424.9	925.852	7756.1	914.749	7974.2	899.209	8107.7	897.269	8195.5	877.121	8402	863.742	8604.2	857.064	8675.2	855.212	8791.6	844.366	8923.7	835.181	9086.2	822.707	9165.4	821.477	9218.3	811.297	9351.2	794.946	9538.7
1096.478	6396.1	983.299	7609.1	963.863	7947.2	951.784	8155.7	935.705	8279.2	933.329	8380.6	912.295	8592.9	898.213	8769.1	891.234	8847.6	888.974	8955.3	877.611	9099.6	867.819	9264.6	855.106	9335	853.678	9393	843.103	9511	826.144	9697
1142.636	6536.1	1022.218	7763.6	1001.098	8114.3	988.096	8323.8	971.45	8454.4	968.624	8563	946.804	8759.7	932.076	8928.3	924.782	9013.4	922.182	9106	910.29	9253.6	899.902	9427.8	886.95	9499.1	885.396	9539.9	874.428	9660.5	856.912	9834.3
1187.803	6680.7	1060.357	7920.8	1037.654	8267.8	1023.712	8485.4	1006.587	8601.9	1003.3	8716.4	980.713	8916.2	965.399	9074	957.836	9148.3	954.889	9245.7	942.447	9406.1	931.571	9552.6	918.334	9633.9	916.638	9684.2	905.317	9791.6	887.285	9960.7
1232.082	6815.6	1097.871	8053.9	1073.531	8422.7	1058.748	8624.2	1041.135	8749.6	1037.462	8849.3	1014.137	9046	998.245	9207.2	990.443	9277.8	987.107	9388.4	974.193	9529.5	962.844	9674.7	949.37	9748.3	947.522	9802.2	935.811	9926.2	917.312	10080
1275.505	6948.9	1134.799	8181.9	1108.829	8562.4	1093.258	8754.8	1075.183	8879.9	1071.143	8977.2	1047.161	9153.9	1030.698	9323.9	1022.599	9406.4	1018.916	9510.2	1005.556	9646.2	993.748	9786.7	980.065	9858.9	978.078	9900.3	966.029	10019	947.078	10169
1318.197	7070.4	1171.177	8306.3	1143.639	8683.9	1127.288	8883.9	1108.763	9004.2	1104.355	9104.7	1079.789	9269	1062.731	9442.5	1054.346	9529.2	1050.423	9606.2	1036.603	9744.8	1024.316	9901.7	1010.459	9963.2	1008.334	10004	995.992	10102	976.598	10253
1360.177	7191.6	1207.071	8420	1178.012	8794.3	1160.836	9012.9	1141.946	9112.5	1137.185	9211.6	1112.009	9388.4	1094.384	9554	1085.778	9624	1081.625	9701.5	1067.358	9836.1	1054.646	9981.5	1040.622	10035	1038.324	10088	1025.727	10180	1005.925	10327
1401.414	7321.3	1242.511	8528.2	1211.986	8899.3	1194.023	9107.2	1174.827	9197.2	1169.675	9308.5	1143.911	9482.3	1125.739	9653.1	1116.945	9708.2	1112.533	9790.3	1097.872	9918.6	1084.747	10055	1070.588	10100	1068.079	10177	1055.233	10260	1035.048	10394
1442.088	7423.9	1277.571	8625.1	1245.626	8988.6	1226.926	9191.1	1207.386	9288.4	1201.85	9401	1175.587	9555.2	1156.832	9730.7	1147.868	9785.4	1143.209	9866.1	1128.22	9979	1114.646	10122	1100.367	10160	1097.696	10226	1084.586	10313	1064.085	10431
1482.181	7534.9	1312.264	8712.9	1278.944	9075.9	1259.523	9277.8	1239.621	9383.6	1233.749	9484.7	1206.963	9638.5	1187.699	9808.9	1178.566	9863.3	1173.703	9926.9	1158.345	10049	1144.33	10192	1129.944	10229	1127.184	10261	1113.832	10351	1093.024	10458
1521.692	7643.8	1346.569	8809.6	1311.953	9161.1	1291.846	9357.2	1271.577	9462.5	1265.356	9571.1	1238.104	9720	1218.303	9888.8	1209.081	9918.6	1204.036	9984.1	1188.294	10106	1173.877	10244	1159.388	10281	1156.506	10323	1142.954	10395	1121.854	10497
1560.71	7740.7	1380.575	8890.9	1344.658	9247.3	1323.916	9432.3	1303.297	9541.4	1296.748	9636.8	1269.042	9777.4	1248.749	9942	1239.452	9967.8	1234.193	10039	1218.124	10153	1203.339	10275	1188.724	10319	1185.733	10353	1171.955	10439	1150.632	10527
1599.37	7816	1414.316	8960.8	1377.105	9321.7	1355.751	9498.7	1334.828	9591.2	1327.914	9708.2	1299.769	9848.8	1279.084	9983.7	1269.662	10016	1264.234	10076	1247.831	10194	1232.692	10313	1217.95	10353	1214.869	10390	1200.906	10452	1179.36	10540
1637.658	7889.8	1447.815	9026.6	1409.32	9385.8	1387.366	9573.7	1366.158	9655.7	1358.868	9775.7	1330.323	9906.4	1309.248	10035	1299.733	10062	1294.166	10112	1277.399	10237	1261.988	10338	1247.071	10395	1243.974	10397	1229.801	10478	1208.108	10540
1675.536	7975.6	1481.055	9098.7	1441.326	9451.6	1418.758	9636.8	1397.31	9712.9	1389.654	9829.4	1360.709	9962.8	1339.292	10080	1329.712	10093	1323.994	10148	1306.864	10279	1291.179	10370	1276.134	10416	1273.005	10428	1258.672	10493	1236.806	10551
1713.019	8060	1514.134	9146	1473.137	9510.2	1450.004	9683.4	1428.34	9751.2	1420.316	9871.7	1390.988	9999.3	1369.226	10112	1359.579	10136	1353.696	10191	1336.253	10301	1320.337	10382	1305.166	10428	1301.972	10453	1287.463	10516	1265.473	10562
1750.254	8114.4	1547.067	9179.8	1504.806	9552.6	1481.117	9725.2	1459.262	9785	1450.848	9918.1	1421.154	10040	1399.082	10135	1389.359	10160	1383.357	10205	1365.606	10313	1349.459	10395	1334.138	10449	1330.913	10461	1316.281	10509	1294.221	10538
1787.221	8176.8	1579.776	9246.7	1536.359	9593.1	1512.1	9766	1490.066	9823.3	1481.236	9961.8	1451.207	10073	1428.843	10172	1419.019	10206	1412.958	10231	1394.902	10338	1378.536	10412	1363.099	10453	1359.869	10456	1345.115	10501	1323	10527
1823.893	8239.4	1612.285	9304.1	1567.765	9629.1	1542.931	9814.7	1520.748	9863.8	1511.519	9994.2	1481.142	10111	1458.502	10206	1448.642	10220	1442.479	10254	1424.12	10361	1407.634	10410	1392.069	10447	1388.812	10461	1373.962	10491	1351.772	10520
1860.244	8312.6	1644.656	9340.7	1599.03	9682.7	1573.691	9842.7	1551.347	9891.1	1541.728	10019	1511.031	10127	1488.102	10227	1478.209	10238	1471.936	10272	1453.335	10362	1436.731	10410	1421.039	10450	1417.774	10461	1402.783	10505	1380.574	10512
1896.365	8366.3	1676.905	9379.5	1630.168	9717.8	1604.358	9868.9	1581.872	9910.3	1571.877	10045	1540.875	10143	1517.685	10232	1507.711	10262	1501.331	10294	1482.534	10368	1465.82	10409	1450.016	10453	1446.744	10450	1431.682	10483	1409.441	10489
1932.277	8415	1709.017	9416.8	1661.215	9746.6	1634.931	9895.1	1612.324	9938.6	1601.916	10073	1570.67	10156	1547.239	10242	1537.158	10280	1530.717	10302	1511.704	10379	1494.881	10417	1478.976	10454	1475.746	10439	1460.608	10466	1438.354	10471
1968.002	8459.8	1741.007	9453.6	1692.173	9778.1	1665.413	9925.7	1642.666	9976.6	1631.897	10096	1600.389	10185	1576.743	10257	1566.602	10278	1560.105	10307	1540.859	10384	1523.986	10397	1507.978	10439	1504.778	10424	1489.561	10459	1467.337	10441
2003.504	8516.6	1772.892	9488.1	1723.055	9802.8	1695.845	9947.2	1672.967	9987.4	1661.827	10109	1630.105	10188	1606.235	10265	1596.049	10281	1589.443	10319	1570.046	10373	1553.139	10384	1537.028	10421	1533.814	10427	1518.531	10450	1496.36	10437
2038.801	8563	1804.683	9515.6	1753.877	9822.8	1726.231	9962.2	1703.248	9996.7	1691.734	10126	1659.79	10198	1635.731	10269	1625.475	10283	1618.816	10312	1599.266	10366	1582.343	10372	1566.142	10403	1562.924	10399	1547.589	10420	1525.453	10406
2073.908	8613.4	1836.353	9552.3	1784.637	9843.1	1756.555	9981.2	1733.475	10019	1721.586	10142	1689.433	10212	1665.176	10281	1654.878	10301	1648.22	10301	1628.477	10366	1611.558	10362	1595.265	10395	1592.114	10376	1576.747	10388	1554.655	10366
2108.831	8655	1867.887	9593.3	1815.328	9861.7	1786.828	10003	1763.656	10035	1751.446	10143	1719.047	10222	1694.634	10278	1684.319	10284	1677.654	10291	1657.661	10373	1640.839	10345	1624.438	10376	1621.314	10368	1605.916	10379	1583.932	10340
2143.547	8704.6	1899.331	9622.4	1845.934	9888.5	1817.068	10009	1793.8	10043	1781.308	10143	1748.663	10226	1724.112	10270	1713.766	10281	1707.07	10292	1686.907	10351	1670.182	10322	1653.675	10354	1650.546	10357	1635.147	10356	1613.242	10328
2178.119	8748.2	1930.714	9640.4	1876.502	9901.5	1847.277	10019	1823.918	10050	1811.129	10152	1778.29	10217	1753.634	10254	1743.236	10274	1736.525	10279	1716.22	10333	1699.541	10312	1682.947	10343	1679.871	10323	1664.486	10318	1642.658	10291
2212.501	8792.6	1962.001	9666.6	1907.064	9907.3	1877.433	10039	1854.008	10065	1840.945	10158	1807.928	10215	1783.183	10240	1772.693	10278	1766.017	10265	1745.556	10315	1728.928	10302	1712.257	10328	1709.296	10289	1693.9	10292	1672.194	10249
2246.703	8840	1993.188	9706.8	1937.575	9921.4	1907.533	10052	1884.022	10089	1870.757	10150	1837.568	10215	1812.705	10254	1802.181	10262	1795.519	10263	1774.888	10322	1758.401	10267	1741.658	10297	1738.754	10272	1723.36	10276	1701.806	10222
2280.733	8886	2024.328	9717.8	1968.022	9941.3	1937.615	10063	1914.033	10082	1900.568	10150	1867.229	10212	1842.272	10238	1831.712	10252	1825.023	10262	1804.272	10303	1787.957	10247	1771.132	10267	1768.256	10262	1752.852	10265	1731.478	10201
2314.614	8924.2	2055.42	9728.7	1998.462	9948.7	1967.72	10060	1944.027	10091	1930.361	10161	1896.922	10200	1871.88	10226	1861.273	10241	1854.61	10237	1833.706	10290	1817.55	10224	1800.651	10251	1797.873	10226	1782.434	10233	1761.293	10157
2348.392	8951.7	2086.449	9748	2028.862	9958.8	1997.81	10065	1974.01	10100	1960.122	10172	1926.61	10199	1901.533	10209	1890.871	10228	1884.251	10208	1863.166	10276	1847.165	10222	1830.201	10244	1827.564	10195	1812.136	10191	1791.167	10132
2382.056	8983.1	2117.407	9779.2	2059.257	9963.8	2027.852	10076	2003.957	10104	1989.922	10163	1956.253	10212	1931.222	10192	1920.525	10209	1913.923	10198	1892.657	10265	1876.849	10198	1859.849	10215	1857.348	10168	1841.903	10169	1821.149	10101
2415.617	9010.1	2148.299	9795.2	2089.573	9983	2057.917	10070	2033.9	10110	2019.722	10164	1985.944	10195	1960.954	10182	1950.249	10190	1943.613	10192	1922.223	10234	1906.581	10177	1889.583	10180	1887.16	10154	1871.709	10158	1851.185	10079
2449.133	9022.4	2179.176	9797	2119.92	9973.9	2088.022	10060	2063.865	10102	2049.534	10154	2015.65	10191	1990.744	10163	1980	10175	1973.382	10174	1951.846	10219	1936.397	10157	1919.377	10156	1917.062	10119	1901.631	10121	1881.326	10043
2482.577	9045.5	2210.007	9811.8	2150.25	9979	2118.133	10054	2093.828	10098	2079.359	10145	2045.375	10189	2020.551	10157	2009.761	10174	2003.18	10159	1981.506	10205	1966.254	10134	1949.215	10140	1947.05	10094	1931.644	10090	1911.577	10007
2515.952	9057.1	2240.788	9833	2180.583	9983	2148.229	10058	2123.761	10108	2109.213	10140	2075.061	10199	2050.38	10150	2039.581	10152	2033.001	10152	2011.197	10196	1996.185	10108	1979.13	10119	1977.094	10080	1961.749	10060	1941.886	9987.5
2549.222	9089.2	2271.546	9835.8	2210.883	9988.2	2178.329	10058	2153.739	10093	2139.095	10132	2104.766	10191	2080.238	10138	2069.456	10138	2062.846	10148	2040.961	10166	2026.196	10086	2009.111	10095	2007.183	10065	1991.894	10042	1972.232	9973.9
2582.45	9101.3	2302.284	9846.6	2241.166	9994.2	2208.479	10045	2183.736	10096	2168.998	10122	2134.527	10173	2110.16	10121	2099.329	10129	2092.723	10136	2070.815	10140	2056.282	10057	2039.171	10074	2037.326	10043	2022.132	10009	2002.663	9946.3
2615.633	9113.5	2332.981	9859	2271.444	9998.1	2238.639	10038	2213.729	10088	2198.866	10122	2164.326	10164	2140.098	10111	2129.22	10132	2122.654	10108	2100.732	10113	2086.386	10060	2069.252	10064	2067.565	10009	2052.481	9977.6	2033.185	9910.5
2648.724	9138.6	2363.627	9876.5	2301.711	9996.1	2268.804	10036	2243.725	10091	2228.85	10100	2194.101	10169	2170.048	10107	2159.17	10107	2152.619	10102	2130.662	10109	2116.557	10034	2099.463	10026	2097.877	9986.5	2082.869	9961.9	2063.77	9896.1
2681.71	9171.6	2394.263	9878.7	2331.916	10022	2298.985	10031	2273.748	10083	2258.828	10099	2223.932	10153	2200.07	10083	2189.199	10085	2182.626	10083	2160.691	10085	2146.792	10013	2129.748	9994.2	2128.252	9960.7	2113.302	9940.6	2094.379	9891.6
2714.616	9191.1	2424.884	9883.7	2362.136	10010	2329.18	10024	2303.813	10070	2288.806	10093	2253.801	10136	2230.174	10060	2219.274	10070	2212.715	10065	2190.78	10065	2177.09	9985.7	2160.087	9978.8	2158.708	9941.3	2143.824	9916.2	2125.054	9866.6
2747.463	9207.1	2455.49	9888.7	2392.359	10014	2359.371	10021	2333.839	10070	2318.783	10099	2283.674	10129	2260.315	10044	2249.374	10052	2242.842	10048	2220.901	10054	2207.44	9978.3	2190.458	9967.3	2189.254	9912.4	2174.422	9891.2	2155.806	9836.1
2780.246	9225.4	2486.058	9902.2	2422.594	10006	2389.56	10027	2363.934	10060	2348.787	10089	2313.548	10133	2290.475	10038	2279.54	10039	2273.018	10032	2251.066	10040	2237.881	9940.8	2220.929	9937.3	2219.848	9896.5	2205.077	9876.6	2186.579	9834.1
2812.959	9249.4	2516.633	9898.6	2452.798	10023	2419.782	10014	2394.02	10057	2378.843	10067	2343.485	10117	2320.701	10019	2309.76	10018	2303.21	10021	2281.278	10024	2268.404	9916.8	2251.475	9912.7	2250.452	9888.7	2235.754	9866.4	2217.394	9819.6
2845.619	9257.4	2547.204	9901.2	2483.021	10014	2450.078	9988.8	2424.14	10055	2408.925	10064	2373.432	10109	2350.968	9996	2339.998	10009	2333.458	10008	2311.545	9996.1	2298.961	9903.7	2282.047	9898.6	2281.134	9863.9	2266.482	9849.1	2248.243	9808.9
2878.234	9273.4	2577.781	9903.7	2513.293	10001	2480.408	9975.5	2454.29	10041	2439.036	10054	2403.397	10098	2381.251	9994.2	2370.27	10004	2363.752	9992.2	2341.845	9989.2	2329.57	9891.6	2312.655	9892	2311.875	9843.7	2297.28	9821.5	2279.147	9786.8
2910.804	9286.5	2608.32	9912.5	2543.551	10007	2510.758	9973.9	2484.456	10040	2469.215	10026	2433.342	10109	2411.549	9988.9	2400.587	9980.9	2394.061	9986.6	2372.186	9977.3	2360.225	9871.8	2343.338	9868.1	2342.675	9824.5	2328.112	9814.7	2310.069	9784.6
2943.269	9316	2638.86	9912.7	2573.774	10013	2541.151	9958.8	2514.678	10014	2499.437	10014	2463.337	10091	2441.888	9977.8	2430.941	9972.4	2424.377	9981	2402.607	9950.9	2390.948	9846.3	2374.062	9845.9	2373.483	9823.4	2358.961	9808.5	2341.012	9784.1
2975.723	9324	2669.401	9911.8	2604.033	10003	2571.584	9940.8	2544.957	9991	2529.704	9996.4	2493.402	10069	2472.295	9950.4	2461.33	9961.6	2454.736	9965.6	2433.085	9931	2421.708	9843.1	2404.823	9842	2404.35	9807.7	2389.867	9790.3	2371.95	9780.4
3008.116	9341.7	2699.931	9910.1	2634.296	10003	2602.056	9937.6	2575.253	9989.1	2559.959	10004	2523.513	10054	2502.715	9951.7	2491.72	9955.8	2485.142	9950.3	2463.608	9916.3	2452.483	9839.1	2435.608	9829.4	2435.24	9795.2	2420.834	9770.8	2402.887	9780.6
3040.4	9369.4	2730.426	9926.6	2664.561	10002	2632.52	9936.9	2605.566	9980.9	2590.271	9984.1	2553.665	10044	2533.154	9948.7	2522.161	9948.4	2515.582	9948.7	2494.146	9911.6	2483.305	9822.4	2466.425	9819	2466.136	9793.6	2451.788	9775.2	2433.794	9790.3
3072.591	9397.4	2760.929	9928.6	2694.834	10003	2662.988	9930.3	2635.946	9968.9	2620.643	9967.3	2583.876	10024	2563.601	9941.1	2552.639	9931.8	2545.998	9952.3	2524.74	9891	2514.186	9798.2	2497.291	9802.6	2497.042	9790.3	2482.722	9777.5	2464.674	9798.6
3104.722	9414.3	2791.445	9923.6	2725.13	9991.5	2693.488	9923.6	2666.334	9961.4	2651.037	9963.8	2614.131	10004	2594.097	9925.9	2583.132	9926.8	2576.463	9930.6	2555.387	9873.8	2545.079	9794.3	2528.195	9787	2527.946	9787.2	2513.646	9785.3	2495.538	9803.7
3136.838	9419.9	2821.942	9926.4	2755.48	9977.9	2724.01	9917.3	2696.765	9946.8	2681.407	9968	2644.411	9990.7	2624.581	9928.6	2613.601	9933.7	2606.957	9920.7	2586.049	9871	2575.975	9794.4	2559.084	9795.2	2558.837	9795.2	2544.588	9783.9	2526.402	9804.5
3168.874	9442.5	2852.409	9930.5	2785.842	9968.9	2754.533	9918	2727.206	9948.7	2711.824	9951.2	2674.707	9991.6	2655.03	9928.6	2644.118	9922.4	2637.473	9923.6	2616.731	9863.9	2606.884	9789.4	2589.959	9800	2589.713	9800	2575.495	9790.3	2557.252	9808.3
3200.87	9459.3	2882.909	9923.6	2816.22	9960.4	2785.073	9905	2757.657	9938.6	2742.286	9936.6	2705.048	9977.6	2685.574	9908.6	2674.663	9908.7	2667.969	9920.6	2647.44	9850.8	2637.813	9788.7	2620.84	9798.4	2620.571	9802	2606.371	9800	2588.068	9819.6
3232.817	9466.6	2913.409	9920.5	2846.626	9950.4	2815.66	9890.6	2788.158	9928.1	2772.772	9933.7	2735.433	9963.7	2716.131	9900.8	2705.203	9905.8	2698.517	9911.7	2678.206	9837.3	2668.69	9799.2	2651.688	9809.6	2651.434	9804.9	2637.251	9798.9	2618.883	9816.6
3264.716	9483.5	2943.925	9920.2	2877.058	9946.4	2846.239	9901.4	2818.669	9915.7	2803.226	9938.6	2765.843	9958.8	2746.69	9900.3	2735.756	9907.1	2729.087	9895.6	2708.972	9838.7	2699.536	9809.8	2682.511	9822.6	2682.281	9809.8	2668.128	9800	2649.716	9816
3296.606	9490.7	2974.425	9928.6	2907.51	9938.6	2876.809	9902.1	2849.178	9921.8	2833.708	9925	2796.205	9958.8	2777.232	9905.5	2766.35	9897	2759.641	9900.7	2739.743	9834.3	2730.348	9809.8	2713.349	9817.1	2713.111	9811.7	2699.01	9803.2	2680.485	9834.3
3328.45	9504.4	3004.932	9923.4	2937.981	9938.2	2907.416	9893	2879.702	9910.5	2864.231	9916.6	2826.692	9933.2	2807.823	9898.6	2796.951	9885.1	2790.215	9901	2770.544	9824.5	2761.245	9797.3	2744.176	9817.5	2743.917	9827.8	2729.858	9809.8	2711.2	9857.1
3360.273	9506.5	3035.463	9918.7	2968.498	9922.9	2938.031	9880.5	2910.261	9903.7	2894.756	9910.4	2857.172	9931.4	2838.411	9890.2	2827.574	9887.7	2820.806	9893.7	2801.379	9813.6	2792.057	9816.8	2774.988	9822.4	2774.716	9827.4	2760.677	9818.2	2741.89	9861.5
3392.084	9510.4	3065.981	9922.8	2999.04	9905.4	2968.636	9888.7	2940.836	9898.2	2925.271	9918.6	2887.672	9928.6	2869.02	9893.7	2858.162	9890.6	2851.41	9888.7	2832.238	9801.7	2822.853	9827.4	2805.762	9834	2805.514	9827.9	2791.478	9821.2	2772.558	9868.8
3423.872	9517.7	3096.482	9928.6	3029.601	9903.7	2999.209	9898.6	2971.377	9910.8	2955.808	9911.8	2918.156	9925	2899.597	9903.1	2888.785	9887.4	2881.979	9888.7	2863.102	9804.9	2853.658	9828.6	2836.545	9831.9	2836.305	9833.6	2822.219	9844.2	2803.152	9891.6
3455.59	9537.9	3126.998	9923.6	3060.157	9900.6	3029.833	9887.3	3001.955	9901.9	2986.369	9902.5	2948.68	9917.7	2930.205	9893.4	2919.438	9877.4	2912.595	9880.8	2893.98	9799.1	2884.465	9828	2867.33	9826	2867.066	9843.3	2852.902	9863.9	2833.711	9903.1
3487.318	9536.5	3157.508	9915.3	3090.743	9890.5	3060.468	9878.7	3032.545	9892.6	3016.943	9895.2	2979.242	9907	2960.81	9888.4	2950.075	9878.7	2943.199	9888.7	2924.89	9788.8	2915.237	9834.3	2898.101	9834.3	2897.823	9839.2	2883.539	9877.9	2864.265	9906.7
3519.055	9539.9	3188.041	9918.6	3121.348	9888.7	3091.102	9875.8	3063.154	9893.7	3047.476	9911.8	3009.812	9901.2	2991.434	9888.7	2980.678	9888.6	2973.83	9875.5	2955.78	9791.9	2945.976	9841.1	2928.84	9841.3	2928.589	9838.8	2914.159	9883.7	2894.805	9910.8
3550.746	9550.5	3218.541	9928.6	3151.961	9887.1	3121.725	9887.4	3093.732	9902.1	3078.066	9893.7	3040.391	9902.8	3022.043	9892.6	3011.326	9870.7	3004.463	9875.9	2986.623	9812.1	2976.729	9841.7	2959.581	9841	2959.331	9844.2	2944.752	9896.9	2925.299	9920.2
3582.402	9557.2	3249.044	9922.5	3182.565	9885.4	3152.362	9877.7	3124.336	9888.7	3108.653	9890.2	3070.978	9895.9	3052.66	9880.2	3041.992	9871.1	3035.053	9893.5	3017.467	9806.6	3007.484	9836.1	2990.34	9839.2	2990.07	9841.1	2975.267	9918.6	2955.77	9936.9
3614.078	9555.3	3279.567	9917.7	3213.194	9882.1	3183.026	9865.5	3154.953	9886.2	3139.261	9893.3	3101.6	9887.4	3083.306	9876	3072.642	9870.9	3065.657	9888.4	3048.315	9809.8	3038.209	9845.9	3021.067	9849.1	3020.822	9842.5	3005.793	9910	2986.24	9938.3
3645.743	9555.5	3310.089	9918.6	3243.843	9870.6	3213.711	9868.8	3185.574	9883.7	3169.845	9896.5	3132.23	9881.7	3113.935	9881.6	3103.297	9877.1	3096.291	9878.7	3079.129	9816	3068.907	9863.1	3051.774	9856.2	3051.579	9839.2	3036.322	9913.4	3016.689	9941
3677.4	9557.2	3340.582	9927.2	3274.495	9873.8	3244.35	9882.4	3216.165	9892.8	3200.447	9885.2	3162.86	9882.5	3144.567	9882	3133.982	9868.1	3126.897	9887.7	3109.914	9825.9	3099.603	9858.7	3082.514	9844.1	3082.326	9847.9	3066.815	9927	3047.119	9947.1
3709.029	9569.8	3371.096	9915.5	3305.144	9876.4	3275.017	9868.4	3246.782	9880.4	3231.068	9883.5	3193.497	9878.4	3175.202	9878.7	3164.678	9855.4	3157.505	9892.3	3140.683	9836.7	3130.31	9851.2	3113.26	9847.5	3113.036	9851	3097.261	9942.2	3077.507	9955.3
3740.655	9566.5	3401.622	9916.9	3335.806	9871.9	3305.717	9863.9	3277.414	9875.6	3261.674	9888.3	3224.165	9868.8	3205.852	9873.8	3195.36	9863.9	3188.121	9880.4	3171.451	9831	3161.016	9856.6	3143.983	9851.7	3143.782	9847.5	3127.716	9943.7	3107.894	9961.1
3772.245	9566.5	3432.149	9917.3	3366.499	9861.2	3336.392	9867.4	3308.02	9888.4	3292.267	9897.2	3254.814	9870.8	3236.501	9870.8	3226.024	9871.1	3218.754	9875.2	3202.207	9835.8	3191.668	9873.2	3174.679	9858.8	3174.529	9848.1	3158.162	9941.5	3138.318	9952
3803.905	9560.1	3462.65	9928.6	3397.193	9856	3367.077	9868.8	3338.627	9893.1	3322.87	9885.5	3285.467	9878.7	3267.139	9885	3256.701	9860.9	3249.375	9883.3	3232.92	9853.9	3222.345	9866.3	3205.393	9858.9	3205.244	9857.5	3188.617	9943.7	3168.729	9958.8
3835.485	9579.7	3493.161	9921.1	3427.893	9863.9	3397.769	9861.4	3369.246	9883.7	3353.494	9888.1	3316.116	9873.8	3297.776	9877.9	3287.398	9858.6	3280.015	9882.1	3263.665	9848.5	3253.045	9863.3	3236.123	9853.3	3235.944	9862.4	3219.017	9958.1	3199.108	9968.9
3867.101	9574.3	3523.708	9914.9	3458.57	9866.7	3428.525	9839.2	3399.878	9875.9	3384.095	9890.9	3346.822	9856.5	3328.459	9868.8	3318.09	9856.1	3310.638	9887.8	3294.403	9846.6	3283.714	9872.2	3266.86	9846.6	3266.656	9853.8	3249.423	9950.2	3229.48	9967.4
3898.716	9574.8	3554.223	9915.7	3489.275	9856.6	3459.252	9849.1	3430.499	9883.7	3414.684	9890.7	3377.532	9856.6	3359.111	9875.1	3348.757	9868.7	3341.272	9878.7	3325.112	9850.9	3314.346	9875.9	3297.541	9863.9	3297.378	9852.4	3279.863	9948.1	3259.873	9963.8
3930.296	9580	3584.715	9927.4	3519.998	9851.5	3489.982	9853.9	3461.105	9888.7	3445.269	9896.3	3408.231	9863.9	3389.765	9877.6	3379.456	9863.3	3371.894	9882.7	3355.812	9862.9	3344.98	9875.2	3328.239	9858.3	3328.075	9858.9	3310.263	9958	3290.237	9973.7
3961.858	9585.2	3615.224	9921.9	3550.705	9857.9	3520.719	9846.8	3491.725	9883.5	3475.877	9891.7	3438.921	9862.2	3420.429	9865.9	3410.167	9854	3402.51	9886.3	3386.513	9863.3	3375.646	9868.9	3358.945	9856.6	3358.72	9876	3340.621	9971.5	3320.561	9983.2
3993.443	9583.6	3645.754	9913.6	3581.449	9848.9	3551.471	9841.4	3522.376	9873.4	3506.485	9893.7	3469.649	9848.9	3451.106	9867	3440.882	9858.4	3433.148	9882	3417.22	9856.4	3406.278	9875.9	3389.656	9854	3389.412	9861.2	3370.999	9968.9	3350.909	9978.2
4025.02	9577.1	3676.287	9918.6	3612.172	9852	3582.214	9843.5	3553.046	9873.5	3537.062	9901.9	3500.362	9854	3481.791	9868.8	3471.567	9868.1	3463.785	9877.6	3447.919	9863.1	3436.882	9888.7	3420.349	9861.2	3420.11	9858.9	3401.372	9967	3381.273	9973.2
4056.611	9573.1	3706.787	9928.6	3642.909	9847	3612.959	9848.5	3583.659	9886.7	3567.67	9892.4	3531.068	9857.9	3512.446	9877.7	3502.273	9856.3	3494.414	9881.9	3478.579	9871.9	3467.521	9882	3451.054	9856.9	3450.777	9868.8	3431.714	9976.7	3411.636	9973.9
4088.177	9584.2	3737.296	9922.3	3673.618	9851.2	3643.7	9844.2	3614.294	9878.7	3598.268	9891.7	3561.799	9853.6	3543.111	9865.6	3533.001	9849.1	3525.005	9892.8	3509.253	9861	3498.169	9873.8	3481.782	9849.1	3481.428	9873.8	3462.04	9983	3441.93	9992
4119.754	9577.2	3767.818	9917.7	3704.357	9847.4	3674.471	9834.3	3644.963	9872.4	3628.862	9897.2	3592.558	9843.6	3573.804	9855.7	3563.741	9846.5	3555.611	9887.4	3539.95	9858.9	3528.803	9878.7	3512.494	9850.7	3512.11	9863.9	3492.388	9978.4	3472.246	9984.1
4151.335	9577.1	3798.34	9918.6	3735.117	9843	3705.247	9838.9	3675.618	9873.1	3659.438	9895.2	3623.302	9844.2	3604.486	9863.9	3594.454	9854	3586.245	9878.7	3570.634	9867.8	3559.406	9888.7	3543.19	9858.9	3542.805	9855.4	3522.743	9972.3	3502.585	9976.9
4182.91	9582.8	3828.832	9927.7	3765.892	9839.2	3735.992	9847.5	3706.253	9875.4	3690.023	9896.8	3654.031	9849.1	3635.148	9871.6	3625.182	9849.1	3616.869	9886.7	3601.284	9873.8	3590.036	9881.1	3573.884	9861.1	3573.488	9862.6	3553.092	9977.8	3532.896	9987.3
4214.474	9581.9	3859.343	9921.3	3796.616	9851.4	3766.758	9831.3	3736.901	9870.7	3720.613	9893.5	3684.771	9840.6	3665.847	9862.7	3655.923	9844.2	3647.467	9892.1	3631.968	9867.6	3620.687	9873.1	3604.596	9854	3604.173	9868.1	3583.411	9988.6	3563.214	9989.1
4246.069	9575.7	3889.889	9913.6	3827.369	9841.9	3797.546	9829.2	3767.586	9868.8	3751.212	9892.4	3715.541	9836.8	3696.554	9856.8	3686.661	9841.1	3678.072	9888.7	3662.663	9859	3651.339	9873.8	3635.273	9854	3634.849	9866.4	3613.721	9987.4	3593.482	9989.1
4277.648	9580.5	3920.411	9918.4	3858.143	9839.2	3828.338	9833.3	3798.216	9881.8	3781.782	9901.2	3746.316	9839.2	3727.28	9846.2	3717.371	9851.1	3708.71	9882	3693.339	9866.4	3681.942	9888.7	3666.004	9853.3	3665.563	9858.9	3644.086	9972.8	3623.828	9973.9
4309.233	9583.6	3950.909	9920.5	3888.889	9848.1	3859.104	9837.6	3828.854	9883.7	3812.398	9886	3777.038	9852.5	3757.995	9857.9	3748.095	9851.7	3739.339	9875.8	3723.991	9873.7	3712.58	9882	3696.713	9850.9	3696.261	9863.9	3674.42	9984.1	3654.13	9985.7
4340.788	9592.3	3981.419	9922.1	3919.615	9845.7	3889.876	9834.3	3859.491	9878.4	3843.029	9881.5	3807.796	9839.1	3788.708	9854	3778.833	9846.5	3769.962	9887.8	3754.674	9868.8	3743.228	9873.8	3727.429	9852.9	3726.912	9873.8	3704.719	9986.1	3684.417	9999.3
4372.371	9583.6	4011.966	9913.2	3950.353	9841.1	3920.662	9829.4	3890.153	9871.7	3873.666	9878.2	3838.565	9831.2	3819.436	9849.1	3809.564	9853	3800.581	9883.4	3785.333	9872	3773.858	9881.5	3758.141	9854	3757.594	9863.8	3735.036	9988.8	3714.705	9997.5
4403.967	9577	4042.491	9916.7	3981.119	9838.2	3951.448	9826.1	3920.79	9878.7	3904.271	9888.5	3869.339	9834.3	3850.165	9853.7	3840.278	9858	3831.249	9872.7	3816.009	9867.4	3804.461	9888.6	3788.823	9863.9	3788.308	9858.5	3765.368	9984.1	3745.009	9992.4
4435.547	9580.5	4072.988	9926.2	4011.895	9839.2	3982.22	9834.3	3951.39	9891.4	3934.905	9875.4	3900.075	9847.1	3880.861	9855.8	3871.008	9853	3861.904	9877.1	3846.663	9877	3835.096	9877.5	3819.514	9861.8	3819.007	9863.9	3795.684	9981.1	3775.304	9992.2
4467.096	9589.8	4103.515	9910.6	4042.617	9852.5	4012.957	9834.3	3982.023	9875.6	3965.573	9873.8	3930.849	9834.3	3911.567	9857.6	3901.754	9848.4	3892.521	9880.5	3877.329	9868.8	3865.732	9878.7	3850.211	9858.9	3849.644	9878.1	3825.963	9997.8	3805.57	10002
4498.648	9589.3	4134.077	9908	4073.375	9839.2	4043.772	9816	4012.672	9876.3	3996.217	9877.7	3961.619	9830.9	3942.308	9844.2	3932.479	9851.3	3923.157	9878.7	3908.005	9866.5	3896.335	9888.7	3880.877	9868.8	3880.309	9868.6	3856.251	9999.3	3835.852	9991.1
4530.213	9584.8	4164.632	9906.6	4104.166	9833	4074.561	9828.5	4043.308	9878.7	4026.838	9883.7	3992.395	9838.9	3973.059	9842.1	3963.193	9858.3	3953.786	9881.8	3938.685	9866.1	3926.925	9893.7	3911.539	9871.3	3911.003	9855.8	3886.569	9988.7	3866.15	9991.8
4561.773	9587.5	4195.16	9910.5	4134.948	9833.9	4105.318	9839.2	4073.931	9888.2	4057.487	9873.8	4023.132	9847.6	4003.803	9849.1	3993.922	9852.8	3984.408	9883.7	3969.354	9872.7	3957.53	9888	3942.206	9868.3	3941.679	9866.9	3916.85	9990.6	3896.423	10003
4593.31	9597.9	4225.723	9908.6	4165.687	9846.8	4136.09	9834.3	4104.585	9877	4088.163	9866.7	4053.883	9842	4034.549	9847.7	4024.66	9841.3	4015.012	9885.7	4000.034	9863.9	3988.161	9875.7	3972.888	9865.2	3972.34	9871.5	3947.117	10001	3926.689	10001
4624.859	9589.2	4256.286	9908.4	4196.442	9841.4	4166.876	9829.4	4135.25	9865.9	4118.843	9860.3	4084.669	9829.2	4065.3	9842.3	4055.398	9846.8	4045.628	9886.3	4030.732	9863.5	4018.779	9883.7	4003.538	9873.8	4003.031	9861.4	3977.42	9992.7	3956.993	9993.2
4656.428	9588.7	4286.828	9911	4227.225	9826.4	4197.662	9825.8	4165.895	9876.9	4149.494	9873.8	4115.438	9836.6	4096.047	9843.6	4086.111	9854	4076.262	9878.7	4061.416	9867.5	4049.369	9893.7	4034.142	9888.7	4033.732	9857.9	4007.739	9989.1	3987.332	9977.9
4687.962	9594.5	4317.375	9913.6	4257.992	9837.9	4228.438	9838.8	4196.517	9883.3	4180.168	9868	4146.183	9848.1	4126.774	9845.9	4116.862	9841.7	4106.886	9887.1	4092.099	9868.6	4079.972	9888.7	4064.781	9881.9	4064.424	9861.5	4038.021	9994.2	4017.69	9971.3
4719.484	9601.5	4347.902	9910.7	4288.737	9848.3	4259.214	9839.2	4227.169	9872.9	4210.846	9866.4	4176.942	9843	4157.519	9848.7	4147.615	9842.5	4137.493	9893.2	4122.798	9862.9	4110.593	9882.4	4095.414	9878.7	4095.107	9868.5	4068.288	9996	4048.069	9968.6
4751.033	9589.8	4378.447	9908.3	4319.513	9838.4	4289.986	9834.3	4257.829	9872.1	4241.527	9866.3	4207.73	9829.4	4188.273	9836.3	4178.35	9847.7	4168.116	9887.9	4153.495	9858.2	4141.18	9882.4	4126.045	9881	4125.789	9863.9	4098.569	9997.4	4078.479	9958.1
4782.566	9594.5	4408.999	9908.6	4350.279	9838.9	4320.753	9837.4	4288.465	9878.4	4272.186	9872.7	4238.472	9844.2	4219.032	9835.7	4209.063	9854	4198.735	9883.7	4184.201	9858.3	4171.817	9877.4	4156.659	9886.4	4156.484	9855.7	4128.887	9989	4108.931	9937.5
4814.114	9589.4	4439.531	9918.6	4381.03	9843.3	4351.53	9838.8	4319.089	9887.5	4302.851	9865.9	4269.214	9846.5	4249.76	9849.1	4239.791	9849.1	4229.34	9888.7	4214.868	9868.8	4202.437	9883.7	4187.275	9886	4187.167	9865.2	4159.19	9995.5	4139.392	9937.7
4845.615	9603.9	4470.061	9913.6	4411.772	9840.6	4382.306	9839.2	4349.719	9881.3	4333.528	9860.9	4299.957	9844.1	4280.536	9838.8	4270.532	9844.2	4259.932	9897.6	4245.55	9863.9	4233.068	9881	4217.912	9883.4	4217.818	9873.8	4189.444	10004	4169.838	9941.6
4877.152	9593.4	4500.601	9905.6	4442.562	9834.1	4413.078	9834.3	4380.387	9872.6	4364.227	9863.9	4330.732	9838.7	4311.309	9834.3	4301.292	9844	4290.54	9893.7	4276.256	9856.5	4263.707	9882.2	4248.535	9887	4248.487	9872.4	4219.729	9992.8	4200.319	9930.9
4908.705	9594	4531.162	9905.3	4473.344	9833.6	4443.868	9833.8	4411.023	9878.7	4394.879	9873.8	4361.493	9843.3	4342.079	9830.8	4332.002	9850.5	4321.157	9880.2	4306.967	9850.6	4294.298	9891.7	4279.125	9893.7	4279.169	9863.9	4250.029	9986.1	4230.814	9920.5
4940.258	9593.9	4561.67	9922.2	4504.12	9838.5	4474.644	9838.6	4441.647	9887	4425.558	9866.3	4392.221	9845.6	4372.831	9842.5	4362.738	9847.8	4351.774	9880.8	4337.648	9863.5	4324.922	9886.5	4309.681	9893.7	4309.816	9871	4280.323	9991.8	4261.314	9923.6
4971.777	9599.2	4592.2	9913.6	4534.864	9844.2	4505.418	9834.1	4472.298	9875.1	4456.249	9861.4	4422.961	9846.9	4403.599	9837	4393.484	9849.1	4382.365	9893.3	4368.345	9858.3	4355.552	9875.5	4340.314	9878.7	4340.47	9877.7	4310.602	9999.3	4291.806	9927.5
5003.315	9598.2	4622.741	9911.1	4565.636	9834.3	4536.218	9824.5	4502.982	9868.8	4486.946	9858.9	4453.721	9843.9	4434.386	9829.4	4424.23	9848.9	4412.968	9888.7	4399.043	9858.9	4386.172	9883.3	4370.904	9893.7	4371.12	9873.8	4340.884	9994.2	4322.321	9918.4
5034.867	9588.4	4653.286	9905.1	4596.42	9826.6	4566.985	9824.5	4533.634	9873.1	4517.613	9868.8	4484.473	9843.6	4465.145	9838.5	4454.944	9858.4	4443.588	9883.7	4429.738	9855.5	4416.776	9888.7	4401.461	9903.4	4401.79	9872.2	4371.209	9983.4	4352.879	9903.7
5066.42	9593	4683.798	9921.4	4627.202	9832.3	4597.752	9824.5	4564.304	9873.4	4548.295	9863.8	4515.212	9841.3	4495.887	9844.2	4485.687	9845.5	4474.203	9886.2	4460.414	9861.1	4447.399	9887.1	4432.046	9896.1	4432.425	9878.1	4401.527	9989.2	4383.403	9903.7
5097.936	9596.2	4714.323	9916.6	4657.972	9831.5	4628.572	9818.6	4594.988	9868.8	4579.005	9854	4545.996	9831.6	4526.656	9836.8	4516.477	9833.6	4504.811	9892.7	4491.121	9856.3	4478.028	9881.5	4462.653	9892.7	4463.064	9882.9	4431.831	9992.4	4413.987	9896.1
5129.472	9593.5	4744.849	9917.2	4688.746	9834.3	4659.394	9823.1	4625.668	9860.4	4609.715	9850.5	4576.78	9826.6	4557.414	9839.2	4547.253	9838.2	4535.417	9887.4	4521.848	9849.1	4508.651	9887.2	4493.238	9890.2	4493.677	9886.9	4462.155	9983.9	4444.542	9900.3
5161.022	9589.8	4775.372	9918.2	4719.484	9834.3	4690.217	9823.7	4656.368	9863.7	4640.406	9861.7	4607.546	9838.8	4588.166	9842	4577.999	9848.4	4566.051	9878.7	4552.578	9853.6	4539.26	9891.7	4523.816	9901.9	4524.298	9883.2	4492.484	9975.6	4475.126	9896.1
5192.558	9593.9	4805.864	9927.7	4750.304	9823.3	4720.988	9830.8	4687.045	9866.8	4671.121	9857.3	4638.274	9849.1	4618.907	9841.3	4608.739	9844.2	4596.673	9885	4583.268	9861.8	4569.866	9888.2	4554.401	9890.8	4554.904	9888.7	4522.809	9983.3	4505.709	9897.3
5224.08	9598.2	4836.38	9923.6	4781.075	9830.8	4751.773	9826.6	4717.744	9863.9	4701.847	9845.6	4669.031	9839.2	4649.666	9839.2	4639.53	9833.3	4627.28	9893.4	4613.983	9857.3	4600.496	9875.5	4585.008	9892.8	4585.478	9898.6	4553.121	9987.4	4536.271	9907.7
5255.625	9592	4866.912	9918.6	4811.845	9836.5	4782.581	9827.7	4748.437	9861.8	4732.558	9854	4699.755	9839.2	4680.438	9834.3	4670.281	9842.4	4657.886	9887.7	4644.71	9849.1	4631.135	9881.7	4615.584	9898.1	4616.064	9895.9	4583.47	9977.8	4566.86	9893.7
5287.187	9585.2	4897.419	9922.9	4842.628	9826.4	4813.38	9827.8	4779.132	9855.6	4763.256	9858.6	4730.541	9829.4	4711.176	9834.3	4701.026	9849.1	4688.524	9882	4675.433	9851.6	4661.724	9892.5	4646.14	9906	4646.664	9890.9	4613.812	9976.8	4597.458	9891.1
5318.754	9584.4	4927.898	9931	4873.416	9829.3	4844.156	9838.7	4809.808	9867.9	4793.97	9858.9	4761.281	9846.4	4741.958	9832.7	4731.765	9846.5	4719.154	9881.6	4706.147	9858.2	4692.347	9886.7	4676.734	9890.7	4677.269	9888.7	4644.138	9982.5	4628.058	9885.4
5350.287	9594.2	4958.393	9926.6	4904.186	9836.6	4874.942	9829.4	4840.508	9863.9	4824.7	9852.7	4792.057	9838.7	4772.741	9833.5	4762.527	9842.8	4749.761	9892.1	4736.878	9852	4722.98	9878.7	4707.319	9896	4707.828	9903	4674.471	9984	4658.656	9891.3
5381.848	9585.2	4988.888	9927.3	4934.968	9832.4	4905.743	9824.5	4871.199	9861.5	4855.425	9846	4822.841	9831.7	4803.525	9832	4793.267	9841	4780.394	9878.7	4767.614	9846.8	4753.599	9883.7	4737.88	9902.8	4738.436	9891.7	4704.797	9983.3	4689.27	9880.8
5413.425	9580.5	5019.396	9921.7	4965.755	9829.2	4936.565	9823.8	4901.912	9858.3	4886.145	9852.3	4853.626	9832.1	4834.298	9834.3	4823.993	9845.5	4810.994	9878.7	4798.34	9845.7	4784.206	9892.1	4768.423	9908.3	4769.041	9888.7	4735.147	9976.9	4719.919	9873.8
5445.009	9583.7	5049.86	9936.8	4996.561	9829.4	4967.323	9839.2	4932.589	9866.4	4916.881	9847	4884.379	9841.6	4865.039	9846.4	4854.746	9836.1	4841.661	9868.8	4829.036	9858.9	4814.835	9881.5	4798.981	9903.5	4799.65	9892.4	4765.481	9984.1	4750.539	9883.1
5476.557	9586.6	5080.375	9923.6	5027.331	9837.1	4998.108	9829.4	4963.288	9863.5	4947.642	9842	4915.147	9837	4895.8	9843.1	4885.516	9831.4	4872.264	9885.7	4859.765	9853.5	4845.468	9875.1	4829.554	9898.6	4830.237	9890.1	4795.79	9987.2	4781.17	9875.9
5508.116	9587.8	5110.891	9920	5058.123	9833.1	5028.897	9828.8	4993.997	9851	4978.396	9842.5	4945.929	9832.7	4926.569	9830.8	4916.272	9836.3	4902.894	9875.8	4890.526	9842.9	4876.117	9873.8	4860.112	9903.7	4860.837	9891.3	4826.123	9984.1	4811.8	9881
5539.7	9583.5	5141.388	9926	5088.93	9827.9	5059.685	9829.4	5024.712	9857.7	5009.107	9854	4976.699	9831.2	4957.322	9841.6	4947.007	9847.5	4933.542	9876	4921.263	9847	4906.742	9886.4	4890.665	9906.9	4891.437	9885.8	4856.47	9973.9	4842.45	9872.2
5571.299	9578.9	5171.853	9936.1	5119.719	9829.3	5090.461	9838.4	5055.395	9868.8	5039.848	9844.2	5007.459	9843.2	4988.063	9841.3	4977.766	9839.1	4964.196	9877.9	4951.974	9854	4937.372	9875.8	4921.225	9902.7	4922.042	9888.8	4886.8	9981.6	4873.113	9865.8
5602.848	9589.8	5202.335	9931.1	5150.485	9838.2	5121.245	9826.6	5086.072	9867.4	5070.605	9839.2	5038.234	9838.6	5018.823	9844.1	5008.535	9830.8	4994.816	9883.7	4982.72	9847.2	4968.056	9868.8	4951.808	9896.3	4952.626	9896.3	4917.099	9986.1	4903.743	9881.3
5634.431	9583.9	5232.851	9923.6	5181.267	9826.4	5152.034	9829.2	5116.768	9858.9	5101.332	9849.1	5069.002	9837.8	5049.581	9839.2	5039.293	9839.2	5025.485	9872.2	5013.481	9842.9	4998.677	9883.7	4982.376	9901.7	4983.248	9887.9	4947.428	9976	4934.392	9873.6
5666.026	9575.8	5263.352	9928.6	5212.08	9822.6	5182.807	9834.3	5147.467	9863.9	5132.043	9854	5099.744	9844.2	5080.341	9843.4	5070.053	9843.3	5056.167	9863.6	5044.227	9847.8	5029.293	9880.5	5012.931	9900.8	5013.882	9878.1	4977.791	9973.9	4965.057	9868.6
5697.624	9579.7	5293.837	9933.7	5242.901	9824.4	5213.55	9843	5178.119	9873.1	5162.788	9848.1	5130.505	9844	5111.086	9849.1	5100.825	9834.3	5086.851	9868.8	5074.941	9858.1	5059.928	9878.7	5043.524	9897	5044.532	9873.8	5008.133	9977.5	4995.707	9873.8
5729.173	9589.3	5324.319	9930.8	5273.687	9826.1	5244.323	9834.2	5208.816	9858.9	5193.527	9840.8	5161.263	9839.2	5141.829	9844	5131.562	9834.3	5117.472	9883.7	5105.665	9846.1	5090.558	9875.8	5074.109	9896.2	5075.136	9888.3	5038.441	9988	5026.326	9883.7
5760.75	9577.4	5354.821	9928.1	5304.49	9823.9	5275.109	9829.4	5239.508	9861.5	5224.254	9849.1	5192.022	9835.6	5172.603	9834.2	5162.361	9821.3	5148.121	9873.8	5136.402	9841.3	5121.187	9881.6	5104.681	9895.3	5105.785	9873.8	5068.781	9977.5	5056.959	9878.7
5792.349	9579.7	5385.316	9927.7	5335.322	9814.4	5305.878	9836.6	5270.214	9857.9	5254.966	9850.7	5222.763	9844.2	5203.362	9839.3	5193.117	9835.9	5178.786	9865.9	5167.13	9849.1	5151.79	9888.7	5135.235	9900.8	5136.455	9872.2	5099.144	9973.3	5087.618	9866
5823.928	9577.4	5415.767	9940.9	5366.144	9823	5336.623	9847.8	5300.895	9860.6	5285.711	9848.7	5253.47	9844.2	5234.091	9849.1	5223.893	9838.8	5209.456	9872.6	5197.844	9858.2	5182.41	9883.6	5165.825	9893.7	5167.14	9868.8	5129.485	9977.4	5118.302	9868.8
5855.496	9589.4	5446.251	9925.4	5396.948	9824.5	5367.374	9841.8	5331.607	9854	5316.457	9847.5	5284.259	9828.9	5264.846	9841.6	5254.675	9826.5	5240.086	9881.5	5228.571	9849.1	5213.055	9876	5196.416	9892.6	5197.794	9877.7	5159.803	9989.1	5148.941	9882.8
5887.074	9580.5	5476.753	9925.4	5427.771	9822.9	5398.143	9831.4	5362.331	9845.5	5347.193	9848.1	5315.017	9839.2	5295.615	9831	5285.462	9826.1	5270.736	9873.5	5259.31	9840.6	5243.689	9875.3	5227.017	9885.7	5228.455	9871.8	5190.112	9988.2	5179.602	9871.7
5918.669	9575.8	5507.251	9920.2	5458.589	9819.7	5428.9	9839.2	5393.053	9852.4	5377.907	9858.4	5345.777	9843.8	5326.389	9834.3	5316.221	9839.1	5301.411	9861.1	5290.049	9846.5	5274.311	9887.9	5257.607	9893.5	5259.148	9856	5220.437	9983.2	5210.292	9861.6
5950.261	9573.1	5537.703	9938.6	5489.41	9823.8	5459.62	9852.7	5423.745	9861.3	5408.648	9844.2	5376.5	9852.1	5357.143	9841.8	5346.992	9834.3	5332.076	9865.3	5320.746	9858.5	5304.943	9878.7	5288.215	9893.2	5289.844	9859	5250.761	9984.1	5240.975	9868.8
5981.861	9578.2	5568.18	9932.6	5520.216	9828.1	5490.361	9844	5454.46	9857.7	5439.406	9839	5407.26	9842.8	5387.915	9834.3	5377.782	9828.9	5362.709	9875.5	5351.47	9851.3	5335.592	9873.8	5318.838	9886.3	5320.527	9868.8	5281.071	9987.4	5271.609	9878.7
6013.457	9575.8	5598.661	9931	5551.037	9823.4	5521.134	9833.6	5485.206	9847.8	5470.147	9844.2	5438.026	9837.6	5418.698	9831.8	5408.549	9837.3	5393.359	9873.8	5382.22	9841.7	5366.226	9878.7	5349.452	9886.7	5351.21	9868.4	5311.419	9979	5302.276	9868.8
6045.072	9574.5	5629.153	9927.4	5581.857	9818.2	5551.89	9836.2	5515.922	9857	5500.875	9849.1	5468.769	9844.2	5449.488	9828.9	5439.291	9844	5424.029	9872.7	5412.961	9844.2	5396.85	9886.5	5380.044	9897.9	5381.911	9862.8	5341.766	9973.9	5332.952	9866.5
6076.681	9567.8	5659.625	9937.5	5612.671	9822.1	5582.634	9848.5	5546.629	9857.1	5531.568	9849.1	5499.498	9849.1	5480.23	9844.2	5470.083	9833.2	5454.674	9876.1	5443.691	9853	5427.505	9876.1	5410.635	9892.4	5412.602	9861.8	5372.106	9977	5363.635	9868.8
6108.256	9582.8	5690.088	9936.8	5643.46	9828.9	5613.375	9844.2	5577.36	9852	5562.341	9833	5530.222	9851.6	5511.013	9826.1	5500.871	9829.4	5485.31	9878.7	5474.419	9849.1	5458.173	9868.8	5441.253	9883.7	5443.288	9866.7	5402.437	9976	5394.269	9875.2
6139.834	9580.5	5720.567	9931.5	5674.229	9831	5644.143	9836.5	5608.105	9848.1	5593.082	9844.1	5560.968	9848.1	5541.811	9827.5	5531.638	9837.4	5515.941	9875.9	5505.162	9843	5488.807	9875.2	5471.858	9888.7	5473.97	9863.8	5432.783	9976.4	5424.949	9863.9
6171.429	9575.8	5751.048	9931.9	5705.017	9829.4	5674.9	9836.3	5638.817	9850.8	5623.811	9853.6	5591.713	9849.1	5572.584	9834	5562.38	9844.2	5546.602	9871.6	5535.92	9838.9	5519.452	9876.6	5502.433	9898.3	5504.69	9852.2	5463.113	9975.8	5455.649	9862.5
6203.007	9580.5	5781.501	9935	5735.8	9832.3	5705.628	9849.1	5669.508	9862.2	5654.536	9846.1	5622.429	9858	5603.374	9834.3	5593.151	9834.3	5577.253	9873.8	5566.631	9854	5550.082	9881.5	5533.022	9892.8	5535.421	9853.4	5493.421	9988	5486.348	9863.5
6234.575	9588	5811.984	9930.8	5766.568	9837.6	5736.369	9844.2	5700.219	9854	5685.291	9836.4	5653.158	9853.8	5634.112	9834.3	5623.888	9834.3	5607.873	9883.7	5597.368	9840.8	5580.719	9876.8	5563.644	9887.8	5566.096	9866.7	5523.724	9992	5516.993	9876.7
6266.157	9579.2	5842.466	9931.4	5797.343	9839.2	5767.14	9834	5730.979	9842.4	5716.015	9851.4	5683.88	9852.3	5664.941	9811.7	5654.675	9829.2	5638.503	9875.8	5628.11	9844.2	5611.374	9877.3	5594.267	9888.1	5596.793	9858.9	5554.058	9980.8	5547.678	9867.9
6297.752	9575.8	5872.951	9925	5828.133	9834.1	5797.914	9834.3	5761.723	9849.1	5746.722	9856.6	5714.624	9849.1	5695.747	9827.7	5685.412	9846.6	5669.172	9872.7	5658.849	9840.8	5641.994	9883.7	5624.889	9888.5	5627.499	9857.2	5584.383	9980.9	5578.358	9863.2
6329.35	9579.7	5903.404	9938.6	5858.919	9829.3	5828.66	9847.7	5792.421	9855.4	5777.433	9854	5745.331	9856.5	5726.538	9833.4	5716.17	9839.2	5699.825	9877.4	5689.564	9857.2	5672.629	9878.4	5655.504	9880.2	5658.229	9853.4	5614.683	9986.1	5609.066	9850.9
6360.9	9589.8	5933.872	9930.3	5889.69	9836.7	5859.436	9838.8	5823.13	9856.4	5808.174	9844.2	5776.059	9848.8	5757.326	9828.8	5746.953	9831.9	5730.458	9875.5	5720.288	9846	5703.297	9872.4	5686.149	9876.7	5688.958	9854	5644.987	9988.6	5639.76	9855.6
6392.462	9585.2	5964.355	9931.1	5920.473	9826.4	5890.203	9831.2	5853.861	9852.7	5838.915	9840.8	5806.801	9844.2	5788.141	9821.9	5777.726	9834.3	5761.102	9876.7	5751.03	9844.2	5733.949	9873.7	5716.788	9882.2	5719.635	9854	5675.306	9989.1	5670.457	9858.9
6424.059	9574.5	5994.856	9928.6	5951.286	9822.6	5920.986	9826.5	5884.541	9852.7	5869.651	9847.5	5837.559	9839.2	5818.945	9824.5	5808.501	9839.2	5791.778	9866.4	5781.769	9846.7	5764.583	9878.7	5747.404	9880.8	5750.412	9837.7	5705.637	9981.4	5701.166	9850.5
6455.652	9572.7	6025.327	9938.3	5982.098	9823.4	5951.739	9841.4	5915.285	9848.8	5900.39	9847.3	5868.29	9852.7	5849.727	9832.6	5839.273	9834.3	5822.447	9873.4	5812.467	9858.6	5795.232	9870.8	5778.036	9875.1	5781.134	9851.7	5735.971	9980.6	5731.878	9854
6487.22	9588.1	6055.803	9933.4	6012.89	9833.3	5982.513	9834.3	5945.999	9858.3	5931.127	9841.4	5899.043	9841.6	5880.533	9828.3	5870.07	9827.2	5853.082	9875.1	5843.187	9852.6	5825.923	9861.6	5808.686	9873.8	5811.849	9857.8	5766.256	9993.3	5762.56	9863.9
6518.803	9584.4	6086.297	9926.8	6043.697	9827.8	6013.299	9829.4	5976.708	9851.1	5961.87	9844.2	5929.82	9837.8	5911.338	9823.7	5900.859	9829.4	5883.734	9872.4	5873.927	9844.2	5856.583	9866	5839.307	9882.7	5842.559	9850.7	5796.572	9981.2	5793.26	9862.5
6550.402	9578.7	6116.798	9928.6	6074.509	9822.3	6044.089	9833.7	6007.413	9857.6	5992.599	9853.1	5960.595	9839.2	5942.139	9821.4	5931.611	9841.7	5914.415	9863.9	5904.665	9847.6	5887.236	9877.6	5869.923	9880.4	5873.319	9842.1	5826.916	9971.1	5823.973	9853.6
6581.979	9577.8	6147.267	9930.4	6105.33	9823.9	6074.847	9839.2	6038.095	9860.5	6023.323	9851.4	5991.322	9848.8	5972.921	9832.4	5962.394	9831.9	5945.085	9872.3	5935.361	9858.9	5917.887	9873.1	5900.577	9877.4	5904.065	9848.5	5857.245	9975.5	5854.696	9845.8
6613.526	9589.6	6177.75	9925	6136.098	9831.2	6105.614	9831.2	6068.787	9862.3	6054.059	9847.1	6022.079	9839.2	6003.705	9832.5	5993.201	9827.8	5975.738	9877.5	5966.085	9846.3	5948.567	9860.5	5931.226	9873.8	5934.779	9858.3	5887.563	9989.1	5885.377	9863.9
6645.104	9580.5	6208.262	9921.1	6166.881	9826.1	6136.416	9824.5	6099.5	9855.3	6084.783	9851.3	6052.849	9836.5	6034.512	9828.2	6023.993	9833	6006.407	9872.1	5996.823	9847.4	5979.217	9873.8	5961.879	9877.7	5965.504	9849.1	5917.872	9987.8	5916.041	9865.7
6676.695	9573	6238.794	9918.6	6197.669	9829.1	6167.221	9828.9	6130.214	9855.6	6115.495	9850.9	6083.616	9838.1	6065.301	9829.4	6054.752	9839.2	6037.088	9863.5	6027.534	9854	6009.869	9873.8	5992.513	9878.7	5996.242	9847.3	5948.221	9977.9	5946.69	9870.4
6708.302	9568.4	6269.278	9925.3	6228.459	9829.4	6197.982	9842.9	6160.879	9865.5	6146.203	9856.9	6114.359	9844.2	6096.059	9839.2	6085.476	9839.2	6067.773	9868.8	6058.25	9853.7	6040.519	9870.5	6023.161	9870.7	6026.987	9848.6	5978.555	9984.1	5977.322	9881.2
6739.863	9585.2	6299.776	9926.3	6259.206	9843.3	6228.753	9834.3	6191.568	9862.5	6176.913	9851	6145.128	9830.9	6126.849	9833.6	6116.288	9822.5	6098.405	9881.2	6088.976	9846.1	6071.202	9868.1	6053.842	9863.9	6057.686	9863.9	6008.868	9986.9	6007.911	9893.7
6771.458	9575.8	6330.293	9923.1	6289.988	9831.7	6259.535	9826.1	6222.265	9858.9	6207.625	9854	6175.901	9834.3	6157.647	9827.2	6147.07	9832.3	6129.08	9867	6119.72	9849.1	6101.887	9868.8	6084.527	9867.8	6088.334	9863.9	6039.193	9983.3	6038.487	9902.6
6803.073	9574.6	6360.807	9915.4	6320.777	9827.5	6290.334	9827.4	6252.94	9867.3	6238.317	9856.1	6206.67	9837.4	6188.45	9824.5	6177.845	9839.2	6159.776	9858.9	6150.436	9852.9	6132.517	9881.9	6115.171	9876.2	6119.074	9844.2	6069.539	9973.9	6069.056	9901.2
6834.678	9573.5	6391.299	9928	6351.569	9833.7	6321.092	9839.2	6283.6	9872.7	6269.03	9853.7	6237.412	9840.9	6219.216	9837.5	6208.569	9839.2	6190.454	9866.5	6181.15	9858.5	6163.167	9872.9	6145.871	9862.5	6149.784	9850.9	6099.855	9980.9	6099.616	9903
6866.257	9580.5	6421.795	9926.3	6382.344	9839.1	6351.861	9830.9	6314.275	9867.7	6299.752	9852.3	6268.179	9837.8	6249.997	9832.1	6239.391	9822.6	6221.104	9873.8	6211.88	9852.7	6193.86	9855.9	6176.58	9850.8	6180.46	9866.7	6130.141	9993.6	6130.171	9906
6897.812	9580.5	6452.31	9923.6	6413.126	9832.7	6382.65	9829	6344.971	9858.9	6330.483	9853.2	6298.951	9834.3	6280.801	9824.5	6270.168	9832.6	6251.803	9863.3	6242.608	9848.6	6224.545	9866.7	6207.293	9850.9	6211.158	9863.2	6160.455	9986.4	6160.715	9908.6
6929.457	9564.7	6482.817	9923.1	6443.927	9824.5	6413.434	9831.6	6375.67	9863.9	6361.18	9858.9	6329.689	9834.3	6311.587	9826.4	6300.925	9836.1	6282.511	9851.2	6273.33	9851.7	6255.213	9873.1	6237.974	9863.9	6241.889	9852.8	6190.784	9976	6191.269	9900
6961.046	9578.1	6513.318	9928.6	6474.732	9824.1	6444.194	9842.3	6406.338	9868.9	6391.879	9862.9	6360.474	9825.9	6342.346	9839.2	6331.694	9837.1	6313.218	9856.8	6304.037	9856.7	6285.894	9863.9	6268.67	9858.9	6272.604	9858.4	6221.114	9981.6	6221.823	9906.4
6992.595	9589.6	6543.828	9921.8	6505.516	9831.7	6474.949	9836	6437.036	9863.9	6422.588	9850.9	6391.257	9833	6373.116	9830.9	6362.467	9834.3	6343.923	9858.2	6334.75	9853.8	6316.592	9858.2	6299.382	9854	6303.288	9868.8	6251.417	9992.1	6252.367	9908.4
7024.173	9580.5	6574.354	9916.6	6536.301	9825.9	6505.722	9834.3	6467.75	9858.5	6453.293	9857.2	6422.057	9824.5	6403.931	9816.1	6393.234	9838.1	6374.631	9856.8	6365.506	9835.8	6347.289	9858.9	6330.112	9853.4	6333.967	9860.4	6281.747	9981.6	6282.925	9903.7
7055.755	9580.4	6604.881	9910.6	6567.088	9829.4	6536.48	9839.2	6498.47	9852	6483.991	9863.9	6452.862	9824	6434.734	9824.3	6423.976	9844.2	6405.354	9851.9	6396.246	9844.2	6377.953	9865.3	6360.804	9856.1	6364.679	9853.7	6312.076	9975.8	6313.504	9901.9
7087.337	9580.5	6635.397	9923.6	6597.84	9829.4	6567.226	9847.5	6529.184	9858.6	6514.668	9866.7	6483.649	9829.4	6465.516	9832.6	6454.742	9837.7	6436.079	9846.1	6426.985	9846.7	6408.648	9858.9	6391.501	9858.9	6395.393	9858.3	6342.41	9985.4	6344.058	9906
7118.905	9588.6	6665.929	9918.6	6628.662	9822.9	6598.001	9838.3	6559.897	9853.7	6545.364	9858.9	6514.456	9829.3	6496.304	9829.4	6485.511	9836.9	6466.799	9852.7	6457.723	9841.2	6439.359	9854	6422.162	9858.9	6426.092	9862.6	6372.727	9985.7	6374.58	9916.3
7150.471	9584.2	6696.476	9913.2	6659.468	9828	6628.792	9833	6590.621	9846.3	6576.064	9863.7	6545.258	9824.5	6527.111	9828.2	6516.272	9843.2	6497.528	9849.1	6488.476	9836.3	6470.035	9854	6452.89	9849.1	6456.784	9856.1	6403.054	9982.6	6405.109	9913.2
7182.071	9578.2	6727.009	9912.4	6690.267	9827.8	6659.575	9831.8	6621.328	9856.2	6606.741	9866.7	6576.063	9824.4	6557.932	9823.7	6547.014	9844.2	6528.266	9847	6519.235	9836.1	6500.756	9852.4	6483.565	9866.3	6487.512	9849.1	6433.395	9976.8	6435.639	9913.6
7213.65	9580.4	6757.551	9911.4	6721.057	9834.2	6690.334	9839.2	6652.024	9855.5	6637.441	9863.1	6606.869	9828.5	6588.719	9829.4	6577.772	9839.2	6559.011	9849.1	6549.948	9853.7	6531.463	9856.6	6514.261	9858.9	6518.224	9850.9	6463.734	9978.6	6466.153	9918.6
7245.232	9580.5	6788.094	9905	6751.826	9831.1	6721.057	9839.2	6682.739	9858.3	6668.177	9847.6	6637.674	9829.4	6619.517	9827.2	6608.525	9841.5	6589.718	9857	6580.688	9844.2	6562.193	9853.7	6544.922	9858.9	6548.915	9861.3	6494.043	9987.8	6496.649	9926
7276.825	9572.9	6818.652	9906	6782.614	9829.4	6751.873	9819.6	6713.47	9853.3	6698.87	9861.9	6668.475	9821	6650.336	9819.1	6639.282	9835.8	6620.441	9851.4	6611.464	9838.1	6592.899	9857.2	6575.667	9848.1	6579.644	9853.8	6524.392	9977.9	6527.163	9918.3
7308.439	9574.9	6849.21	9906.7	6813.366	9829.4	6782.659	9829.4	6744.199	9854	6729.536	9865.4	6699.297	9823.6	6681.172	9819.6	6670.012	9852.9	6651.182	9844.2	6642.205	9844.2	6623.584	9867.1	6606.348	9863.9	6610.39	9847.8	6554.721	9975.8	6557.708	9907.4
7340.054	9574.5	6879.732	9918.2	6844.193	9817	6813.416	9839.2	6774.898	9863.9	6760.236	9863.9	6730.088	9833.1	6711.979	9827.9	6700.752	9843.7	6681.943	9843.6	6672.942	9846.8	6654.274	9862	6637.04	9856.1	6641.117	9846.1	6585.045	9983.8	6588.27	9907.9
7371.633	9580.5	6910.277	9908.6	6874.977	9831.9	6844.19	9833.8	6805.589	9861.7	6790.932	9858.9	6760.891	9821.2	6742.794	9816.6	6731.52	9831.5	6712.654	9854	6703.683	9840.7	6685.004	9852	6667.756	9858.1	6671.815	9858.6	6615.371	9983.3	6618.764	9920.5
7403.224	9578.1	6940.833	9900.6	6905.762	9832	6874.997	9827.8	6836.313	9846	6821.623	9861.8	6791.727	9818.8	6773.646	9816	6762.264	9845.5	6743.382	9849.1	6734.45	9837.7	6715.726	9852.9	6698.454	9858.9	6702.538	9851.8	6645.699	9982	6649.302	9911.1
7434.834	9571.1	6971.41	9903.7	6936.547	9832.3	6905.786	9829.4	6867.024	9854	6852.313	9862.7	6822.527	9826.8	6804.469	9823.1	6792.995	9852.8	6774.12	9841.1	6765.188	9841.1	6746.426	9862.1	6729.115	9871.7	6733.297	9839.3	6676.048	9978.4	6679.847	9907.8
7466.454	9563.9	7001.938	9910.4	6967.317	9830.8	6936.543	9835.7	6897.722	9855.5	6883.013	9863.9	6853.296	9836.5	6835.274	9824.5	6823.755	9845.5	6804.843	9851.5	6795.913	9849.1	6777.139	9858.5	6759.82	9856.9	6764.026	9848.7	6706.398	9979	6710.364	9921.9
7498.053	9579.4	7032.49	9907.8	6998.062	9849.1	6967.333	9834.1	6928.42	9863.9	6913.703	9862.1	6884.085	9829.3	6866.042	9824.5	6854.497	9844.2	6835.541	9858.9	6826.649	9847.7	6807.868	9848.1	6790.529	9851.2	6794.738	9854	6736.716	9989.1	6740.829	9935.9
7529.645	9572.7	7063.048	9900	7028.815	9841.5	6998.131	9827.3	6959.129	9851	6944.4	9858.9	6914.89	9823.9	6896.885	9807	6885.258	9843.2	6866.234	9856.1	6857.401	9841.5	6838.58	9854	6821.226	9858.9	6825.483	9848.5	6767.045	9981.9	6771.295	9930.8
7561.26	9574.7	7093.625	9903.7	7059.607	9833.6	7028.912	9833	6989.845	9853	6975.062	9871.8	6945.69	9821.4	6927.706	9823.1	6915.98	9851.6	6896.946	9853.8	6888.162	9843.6	6869.262	9863.6	6851.878	9873.4	6856.245	9842.6	6797.393	9978.5	6801.797	9927.9
7592.874	9575.6	7124.171	9913.6	7090.39	9833.5	7059.678	9838.1	7020.558	9854	7005.761	9863.3	6976.476	9826.6	6958.506	9826.9	6946.717	9847	6927.677	9854	6918.882	9852.5	6899.957	9858.9	6882.576	9857.3	6886.992	9847.9	6827.732	9979	6832.29	9926.9
7624.458	9583.9	7154.717	9908.6	7121.142	9842.3	7090.464	9828.8	7051.265	9856.4	7036.456	9858.8	7007.281	9828.9	6989.309	9824.5	6977.467	9843.1	6958.36	9863	6949.62	9841.3	6930.668	9854	6913.281	9857.9	6917.697	9857.3	6858.062	9981.5	6862.761	9937.6
7656.053	9575.8	7185.294	9903.1	7151.911	9837.1	7121.262	9827.2	7081.993	9849.1	7067.161	9857.9	7038.096	9821.8	7020.139	9811.5	7008.227	9844	6989.07	9850.7	6980.372	9842.3	6961.378	9851.1	6943.981	9862.1	6948.427	9853.2	6888.409	9973.9	6893.209	9941.1
7687.633	9580	7215.869	9898.6	7182.68	9837.5	7152.058	9828.1	7112.709	9857.5	7097.836	9867.7	7068.908	9823.8	7050.968	9817	7038.939	9853.8	7019.811	9844.2	7011.112	9840.8	6992.078	9862.2	6974.66	9860.7	6979.165	9846.9	6918.764	9973.9	6923.711	9927.5
7719.231	9579.7	7246.43	9908.6	7213.447	9838.8	7182.829	9830.9	7143.408	9862.6	7128.511	9861.1	7099.694	9826	7081.771	9824.5	7069.679	9844.2	7050.557	9848.4	7041.82	9856.7	7022.773	9858.9	7005.36	9863.1	7009.878	9854	6949.099	9983.9	6954.21	9922.8
7750.785	9592.6	7277.002	9901	7244.182	9847.5	7213.612	9832.9	7174.109	9857.5	7159.217	9856.7	7130.494	9821.3	7112.587	9816.1	7100.447	9836.9	7081.254	9858.9	7072.542	9851.9	7053.483	9850.8	7036.087	9848.7	7040.555	9854	6979.412	9986.8	6984.718	9922.7
7782.35	9584.9	7307.593	9893.7	7274.954	9834.3	7244.399	9829.2	7204.835	9846.1	7189.908	9861.6	7161.313	9819.3	7143.436	9809	7131.185	9841.3	7111.916	9858.9	7103.302	9842.4	7084.178	9858.9	7066.783	9858.9	7071.331	9838.1	7009.742	9981.3	7015.244	9913.6
7813.928	9580.5	7338.166	9895.6	7305.737	9832.3	7275.184	9826	7235.545	9850.9	7220.598	9863.4	7192.112	9826.9	7174.267	9811.7	7161.911	9845.8	7142.686	9834.3	7134.045	9844.2	7114.844	9868.8	7097.449	9868.8	7102.068	9847.3	7040.107	9972.3	7045.82	9897.7
7845.49	9585.2	7368.707	9911.4	7336.527	9834.3	7305.95	9837.2	7266.236	9862.3	7251.275	9866.7	7222.889	9838.3	7205.103	9819.1	7192.642	9847.8	7173.411	9845.8	7164.766	9852.1	7145.542	9863.3	7128.147	9858.2	7132.814	9849.1	7070.482	9966.8	7076.378	9903.7
7877.036	9592	7399.282	9898.6	7367.269	9844.2	7336.718	9837.5	7296.965	9853.5	7281.971	9858.9	7253.68	9833.7	7235.938	9813.9	7223.399	9839.2	7204.107	9858.9	7195.512	9847.5	7176.257	9858	7158.877	9853.6	7163.526	9850.9	7100.846	9973.9	7106.951	9898.6
7908.605	9587.8	7429.853	9901.6	7398.061	9833.3	7367.488	9836.8	7327.693	9849.1	7312.647	9861.1	7284.482	9824.5	7266.805	9808.8	7254.135	9847.1	7234.814	9856.7	7226.273	9842.4	7206.949	9856.1	7189.59	9858.6	7194.271	9849.1	7131.204	9971.3	7137.49	9898.6
7940.156	9589.8	7460.428	9898.5	7428.852	9834.3	7398.257	9830.9	7358.416	9851.9	7343.332	9868.8	7315.303	9825.8	7297.633	9817.7	7284.865	9853.4	7265.558	9848.1	7257.016	9844.2	7237.614	9868.6	7220.268	9861.1	7225.01	9841.2	7161.599	9963.3	7168.092	9888.7
7971.703	9591.9	7490.984	9906.5	7459.61	9836	7429.019	9842.1	7389.116	9862.7	7373.966	9868.8	7346.074	9834.3	7328.453	9819.6	7315.605	9844.2	7296.282	9846.3	7287.744	9849.1	7268.295	9863.5	7250.962	9861.9	7255.736	9845.6	7191.969	9967.5	7198.619	9913.5
8003.221	9599.2	7521.577	9896.9	7490.349	9846.6	7459.792	9833.8	7419.842	9849.1	7404.687	9851.8	7376.861	9829.4	7359.28	9817.6	7346.363	9839.2	7326.978	9858.9	7318.489	9848.1	7298.992	9858.3	7281.66	9858.6	7286.434	9858.9	7222.334	9973.9	7229.119	9923.2
8034.754	9594.5	7552.148	9901.3	7521.1	9842.7	7490.578	9829.4	7450.564	9851.7	7435.377	9861.5	7407.66	9821.6	7390.128	9809.9	7377.09	9845.6	7357.67	9861.6	7349.243	9836.3	7329.666	9866.5	7312.35	9862.1	7317.096	9858.9	7252.689	9973.9	7259.603	9928.1
8066.299	9587.1	7582.741	9898	7551.891	9833	7521.36	9833.2	7481.276	9854	7466.062	9868.8	7438.456	9827.9	7420.957	9817.1	7407.8	9850.5	7388.391	9852.1	7379.97	9848.8	7360.33	9865.8	7343.05	9863	7347.872	9838.1	7283.06	9967.8	7290.134	9916.9
8097.843	9592.4	7613.299	9905.9	7582.673	9833.6	7552.135	9839.1	7511.966	9862.1	7496.696	9868.8	7469.258	9821.1	7451.795	9818.8	7438.544	9849.1	7419.116	9852.4	7410.681	9854	7391.029	9862.9	7373.766	9857.9	7378.599	9845.5	7313.402	9976.6	7320.661	9913.6
8129.36	9596	7643.857	9900.5	7613.432	9835.8	7582.916	9832.9	7542.675	9851.2	7527.42	9846.1	7500.072	9823	7482.607	9823	7469.285	9844.2	7449.816	9862.5	7441.417	9846.9	7421.726	9858.9	7404.478	9854	7409.311	9854	7343.732	9981.8	7351.16	9923.6
8160.891	9591.3	7674.432	9898.7	7644.192	9843.3	7613.717	9824.5	7573.411	9847.8	7558.116	9858.9	7530.9	9817.5	7513.455	9809.9	7500.043	9839.2	7480.526	9854	7472.162	9848	7452.408	9863.8	7435.184	9857.6	7440.048	9847.6	7374.073	9976.6	7381.643	9928.6
8192.441	9589.8	7704.99	9900.4	7674.982	9833	7644.538	9824.4	7604.125	9858.3	7588.777	9871.9	7561.702	9824.5	7544.271	9816	7530.756	9853.1	7511.263	9841.2	7502.899	9848.1	7483.076	9868.8	7465.865	9863.9	7470.79	9844.2	7404.444	9967.1	7412.123	9931.3
8223.976	9593.9	7735.566	9903.7	7705.764	9833.3	7675.311	9833.4	7634.839	9858.9	7619.467	9861.3	7592.499	9827.5	7575.084	9823.6	7561.497	9844.2	7541.991	9849.1	7533.594	9858.9	7513.739	9865.8	7496.56	9855.4	7501.548	9839.2	7434.808	9973.9	7442.603	9925.5
8255.53	9594.2	7766.141	9898.6	7736.522	9836	7706.094	9832.1	7665.545	9856.6	7650.163	9858.9	7623.297	9828.2	7605.899	9816.4	7592.263	9837.8	7572.699	9856.6	7564.325	9852.3	7544.452	9854	7527.268	9856.6	7532.254	9856.4	7465.156	9979	7473.087	9925.4
8287.098	9588.6	7796.682	9898.6	7767.293	9836.8	7736.897	9824.5	7696.273	9849.1	7680.861	9858.6	7654.1	9824.5	7636.73	9817.4	7623.023	9843.6	7603.41	9854	7595.101	9838.1	7575.131	9854	7557.965	9855.4	7563	9847.9	7495.551	9963.4	7503.581	9926.6
8318.661	9585.2	7827.289	9888	7798.066	9834.3	7767.703	9828.7	7726.981	9856.2	7711.545	9868.8	7684.868	9824.5	7667.546	9821.9	7653.764	9840.6	7634.17	9845.5	7625.839	9846.7	7605.827	9855.6	7588.639	9867.3	7593.738	9847.1	7525.941	9955.3	7534.097	9922.4
8350.244	9583.6	7857.833	9908.4	7828.804	9834.3	7798.48	9837.7	7757.671	9863.1	7742.222	9866.9	7715.685	9816.3	7698.331	9826.1	7684.519	9841.6	7664.883	9853.7	7656.55	9851	7636.509	9865.2	7619.333	9855.7	7624.482	9849.1	7556.32	9968.9	7564.611	9918.6
8381.781	9593.2	7888.393	9903.7	7859.586	9832.1	7829.264	9826.2	7788.368	9858.9	7772.918	9858.9	7746.505	9819.5	7729.128	9827.9	7715.276	9835.8	7695.589	9857.6	7687.291	9844.2	7667.205	9858.8	7650.062	9855.3	7655.189	9857	7586.64	9983.3	7595.096	9933.4
8413.333	9589.1	7918.976	9896.8	7890.356	9830.8	7860.079	9822.1	7819.084	9858.6	7803.632	9858.1	7777.317	9823.3	7759.944	9819.4	7746.004	9849.1	7726.315	9845.6	7718.058	9837.1	7697.887	9863.8	7680.777	9858.1	7685.918	9853.6	7616.994	9972.3	7625.594	9923.6
8444.892	9587.4	7949.545	9902	7921.14	9832.3	7890.883	9821.2	7849.79	9857.4	7834.332	9863.1	7808.13	9823.5	7790.781	9818.2	7776.716	9851.2	7757.044	9845.5	7748.8	9844.2	7728.566	9866.1	7711.456	9860.7	7716.646	9849.1	7647.379	9962.6	7656.121	9913.6
8476.445	9593	7980.107	9908.6	7951.909	9831.2	7921.675	9832.9	7880.489	9865.2	7865.042	9850.6	7838.922	9833.3	7821.554	9834.3	7807.452	9847.7	7787.757	9853.9	7779.536	9847.8	7759.264	9863.9	7742.153	9859	7747.358	9851.2	7677.755	9960.7	7686.667	9914.9
8507.966	9598.1	8010.667	9903.7	7982.66	9842.4	7952.462	9829.4	7911.181	9862	7895.782	9844.2	7869.727	9828.5	7852.292	9834.3	7838.206	9841.8	7818.462	9857.1	7810.273	9847.5	7789.96	9859	7772.864	9854	7778.056	9858.9	7708.118	9973.9	7717.162	9920.5
8539.501	9593.7	8041.252	9896.2	8013.428	9837.2	7983.263	9824.5	7941.89	9851.2	7926.488	9844.2	7900.55	9823	7883.108	9816.1	7868.935	9848	7849.189	9848.9	7841.049	9838	7820.674	9858.9	7803.541	9854	7808.754	9863.9	7738.432	9973.9	7747.658	9926
8571.046	9592.3	8071.829	9903.7	8044.22	9834.2	8014.085	9823.5	7972.596	9856.6	7957.24	9841.9	7931.354	9824.5	7913.895	9829.4	7899.655	9852.7	7879.936	9847.7	7871.825	9839.2	7851.344	9867.7	7834.218	9854	7839.446	9861.8	7768.842	9958.8	7778.184	9913.6
8602.58	9594.5	8102.374	9905	8075.012	9832.5	8044.875	9833.1	8003.295	9863.9	7987.986	9848.7	7962.128	9833.7	7944.653	9835.8	7930.401	9847.7	7910.676	9840.8	7902.555	9853.5	7882.034	9861.8	7864.962	9848.5	7870.14	9861.6	7799.205	9973.9	7808.695	9915.6
8634.096	9596.4	8132.942	9902.6	8105.779	9837.5	8075.674	9826.8	8033.972	9867	8018.724	9846.8	7992.911	9832.3	7975.42	9837.5	7961.163	9842	7941.392	9857.3	7933.316	9843.1	7912.764	9852.8	7895.692	9853.4	7900.817	9866.5	7829.538	9984.1	7839.179	9928.4
8665.646	9589.8	8163.51	9903.6	8136.552	9834.3	8106.463	9829	8064.663	9856.1	8049.459	9848.2	8023.713	9824.5	8006.218	9827.3	7991.929	9837.3	7972.104	9854	7964.099	9826.6	7943.493	9855.3	7926.405	9854	7931.517	9863.4	7859.907	9967.9	7869.679	9923.1
8697.2	9592.6	8194.088	9903	8167.359	9827.7	8137.246	9826.5	8095.339	9866.7	8080.172	9850.6	8054.509	9828.3	8036.976	9839.2	8022.64	9854	8002.832	9849.1	7994.872	9834.3	7974.171	9860.6	7957.105	9862.1	7962.226	9851	7890.263	9972	7900.197	9916.4
8728.768	9588.4	8224.65	9908.6	8198.161	9824.5	8168.012	9837.2	8126.023	9868.9	8110.9	9849.1	8085.291	9832.6	8067.715	9841.3	8053.378	9841.2	8033.544	9854	8025.639	9837.5	8004.877	9857.9	7987.817	9853.7	7992.947	9852.6	7920.623	9965.6	7930.711	9918.6
8760.289	9598	8255.205	9906.7	8228.968	9827.7	8198.804	9832.6	8156.706	9863.9	8141.64	9844.2	8116.081	9834	8098.457	9844.2	8084.121	9843.9	8064.235	9861.8	8056.415	9839.2	8035.597	9852.4	8018.545	9849.1	8023.64	9856.1	7950.972	9979	7961.194	9928.6
8791.838	9589.9	8285.774	9901.7	8259.77	9824.5	8229.591	9829.4	8187.355	9863.9	8172.346	9844.2	8146.888	9827.5	8129.212	9836.3	8114.859	9847.4	8094.941	9856.5	8087.184	9836.6	8066.319	9853.3	8049.256	9854	8054.33	9862.1	7981.312	9977.1	7991.709	9923.6
8823.392	9592.6	8316.351	9903.7	8290.586	9816.3	8260.36	9831	8218.061	9856.2	8203.101	9836.1	8177.674	9826	8159.924	9854	8145.556	9858.7	8125.669	9849.1	8117.959	9839.2	8097.014	9856.1	8079.953	9858.6	8085.028	9858.9	8011.676	9973.3	8022.238	9913
8854.941	9589.8	8346.913	9908.6	8321.392	9828.4	8291.121	9842.8	8248.722	9871.6	8233.824	9851.3	8208.446	9834.3	8190.62	9858.9	8176.285	9853.4	8156.381	9850.9	8148.687	9849.1	8127.7	9862.2	8110.665	9854	8115.704	9866.4	8042.04	9973.9	8052.718	9931.1
		8377.473	9903.7	8352.168	9839	8321.887	9837.2	8279.405	9868.4	8264.564	9840.7	8239.238	9833.7	8221.317	9855.5	8207.014	9849.1	8187.063	9863.9	8179.444	9839.2	8158.411	9854	8141.402	9846.8	8146.387	9863.9	8072.351	9988.1	8083.189	9937.5
		8408.048	9898.6	8382.959	9834	8352.679	9832.3	8310.104	9863.9	8295.291	9848.9	8270.035	9827.3	8252.026	9856.5	8237.726	9850.6	8217.759	9858.9	8210.219	9838.5	8189.103	9862	8172.148	9848.5	8177.084	9858.9	8102.695	9970.8	8113.656	9930.2
		8438.601	9907.1	8413.748	9828.6	8383.453	9834.3	8340.77	9865.7	8326.02	9854	8300.82	9826.3	8282.731	9858	8268.427	9862.5	8248.465	9857.2	8240.959	9840.8	8219.786	9868.8	8202.853	9856.9	8207.804	9852.5	8133.053	9971.7	8144.14	9928.6
		8469.138	9912	8444.54	9833.7	8414.189	9847	8371.421	9873.8	8356.741	9852.3	8331.592	9834.3	8313.414	9863.9	8299.125	9858.9	8279.194	9853.9	8271.69	9852.7	8250.419	9868.8	8233.599	9847.5	8238.528	9851.4	8163.402	9979	8174.591	9938.6
		8499.693	9906.9	8475.283	9844.2	8444.965	9837.9	8402.107	9868.2	8387.48	9840.8	8362.379	9829.4	8344.062	9863.9	8329.84	9858.9	8309.89	9855.6	8302.431	9844.2	8281.147	9849.1	8264.342	9844.1	8269.235	9856.5	8193.715	9986.6	8204.998	9953.8
		8530.25	9906.7	8506.051	9831.4	8475.733	9837.7	8432.785	9861	8418.207	9849	8393.191	9822.9	8374.807	9848.2	8360.545	9857.7	8340.598	9856.9	8333.207	9838.2	8311.843	9858.9	8295.082	9840.8	8299.962	9849	8224.061	9974	8235.43	9946.6
		8560.813	9908.6	8536.834	9832.7	8506.484	9842.1	8463.475	9862.6	8448.919	9850.7	8423.995	9824.3	8405.503	9855.8	8391.244	9863.9	8371.328	9853	8363.942	9847.1	8342.523	9863.9	8325.804	9851.8	8330.703	9844.2	8254.44	9968.9	8265.869	9943.7
		8591.342	9910.6	8567.617	9832.3	8537.244	9843.6	8494.125	9870.5	8479.656	9847.3	8454.809	9823.9	8436.153	9873.8	8421.923	9860.5	8402.051	9851.6	8394.666	9851.9	8373.215	9861.7	8356.542	9841.3	8361.434	9848.2	8284.803	9973.9	8296.294	9952.5
		8621.883	9911.8	8598.383	9838	8568.021	9837.4	8524.803	9866.5	8510.397	9844.2	8485.611	9821	8466.843	9862.8	8452.635	9854	8432.743	9856.1	8425.417	9842.1	8403.945	9853.7	8387.295	9842	8392.147	9854	8315.159	9973	8326.695	9956.8
		8652.451	9901.7	8629.157	9834.3	8598.808	9829.4	8555.483	9860.5	8541.154	9839.2	8516.445	9814.3	8497.528	9868.1	8483.365	9853.7	8463.455	9854	8456.192	9839.2	8434.66	9858	8418.037	9844.2	8422.907	9842.6	8345.53	9967.4	8357.116	9948.7
		8683.006	9906.8	8659.94	9832.7	8629.575	9837.3	8586.198	9859	8571.881	9849.1	8547.282	9818.4	8528.203	9868.1	8514.047	9862.6	8494.178	9851.7	8486.917	9846	8465.337	9866.3	8448.782	9848.6	8453.666	9839.2	8375.903	9967	8387.551	9940.2
		8713.552	9913.6	8690.723	9826.5	8660.32	9848.1	8616.864	9865.3	8602.642	9842.6	8578.071	9828.9	8558.843	9882	8544.756	9851	8524.89	9854	8517.641	9851.4	8496.038	9862.1	8479.518	9847.1	8484.387	9852.2	8406.253	9979	8417.974	9948.3
		8744.109	9900.8	8721.476	9841.5	8691.097	9837.3	8647.563	9863.8	8633.414	9834.3	8608.873	9824.5	8589.492	9873.8	8575.48	9851.7	8555.59	9862.7	8548.378	9846.8	8526.751	9853.5	8510.284	9837.8	8515.099	9850.5	8436.578	9982.9	8448.381	9953.8
		8774.683	9901.2	8752.25	9834.3	8721.865	9831	8678.254	9863.9	8664.173	9839.2	8639.702	9811.8	8620.167	9867.1	8606.188	9856.6	8586.305	9857.5	8579.117	9841.2	8557.458	9856.9	8541.012	9849.1	8545.823	9846	8466.926	9978	8478.813	9946.6
		8805.251	9902.8	8783.033	9831.6	8752.65	9825.9	8708.913	9872.1	8694.895	9851.8	8670.504	9824.5	8650.83	9866	8636.871	9863.9	8617.033	9849.1	8609.861	9849.1	8588.132	9867.3	8571.723	9854	8576.562	9840.8	8497.299	9960.9	8509.264	9935.7
		8835.797	9913.6	8813.82	9829.2	8783.388	9846.7	8739.581	9873.6	8725.657	9842.3	8701.301	9828.2	8681.476	9876.2	8667.577	9856.7	8647.763	9853.4	8640.573	9850.6	8618.83	9863.9	8602.463	9844.2	8607.285	9851.4	8527.657	9971.3	8539.71	9942.6
		8866.343	9908.6	8844.591	9836.8	8814.145	9839.2	8770.247	9865.6	8756.423	9831.2	8732.098	9828.5	8712.142	9865.6	8698.308	9853	8678.462	9862.8	8671.319	9848.1	8649.52	9863.1	8633.22	9839.2	8637.99	9857.2	8558.002	9970.4	8570.103	9958.8
				8844.927	9832.7	8800.925	9866.7	8787.197	9834.3	8762.919	9823.3	8742.826	9868.9	8729.03	9852.3	8709.159	9858.9	8702.094	9839.3	8680.22	9862.6	8663.942	9851.8	8668.719	9855.3	8588.383	9968.9	8600.509	9953.8		
						8831.61	9868.8	8817.925	9849.1	8793.747	9817.5	8773.495	9873.2	8759.727	9858.9	8739.885	9849.1	8732.836	9844.2	8710.904	9868.8	8694.653	9850.7	8699.432	9854	8618.746	9975.3	8630.947	9943.5		
						8862.246	9878.4	8848.679	9841.6	8824.536	9829	8804.16	9865.9	8790.389	9858.9	8770.598	9850.8	8763.581	9848.5	8741.602	9863.9	8725.399	9849.1	8730.147	9858.4	8649.095	9979	8661.354	9953.8		
										8855.35	9816.5	8834.845	9867.5	8821.142	9836.3	8801.279	9863.5	8794.317	9847.1	8772.299	9855.4	8756.136	9840.8	8760.829	9863.8	8679.405	9987.8	8691.728	9961		
												8865.539	9855.7	8851.853	9854	8831.975	9858.9	8825.068	9842.5	8803.004	9857.9	8786.858	9851.5	8791.543	9858.5	8709.754	9979	8722.128	9957.8		
																8862.69	9858.2	8855.807	9846.5	8833.704	9863.9	8817.564	9856.5	8822.263	9852.6	8740.133	9968	8752.552	9952.5		
																				8864.405	9863.4	8848.292	9849.1	8852.978	9857.8	8770.494	9965.6	8782.97	9951.2		
																										8800.841	9970.6	8813.37	9957		
																										8831.181	9976.9	8843.796	9951.6		
																										8861.546	9972.8	8874.2	9950.7		
